"code","iso","country","AGSUB.1955","AGSUB.1956","AGSUB.1957","AGSUB.1958","AGSUB.1959","AGSUB.1960","AGSUB.1961","AGSUB.1962","AGSUB.1963","AGSUB.1964","AGSUB.1965","AGSUB.1966","AGSUB.1967","AGSUB.1968","AGSUB.1969","AGSUB.1970","AGSUB.1971","AGSUB.1972","AGSUB.1973","AGSUB.1974","AGSUB.1975","AGSUB.1976","AGSUB.1977","AGSUB.1978","AGSUB.1979","AGSUB.1980","AGSUB.1981","AGSUB.1982","AGSUB.1983","AGSUB.1984","AGSUB.1985","AGSUB.1986","AGSUB.1987","AGSUB.1988","AGSUB.1989","AGSUB.1990","AGSUB.1991","AGSUB.1992","AGSUB.1993","AGSUB.1994","AGSUB.1995","AGSUB.1996","AGSUB.1997","AGSUB.1998","AGSUB.1999","AGSUB.2000","AGSUB.2001","AGSUB.2002","AGSUB.2003","AGSUB.2004","AGSUB.2005","AGSUB.2006","AGSUB.2007","AGSUB.2008","AGSUB.2009","AGSUB.2010","AGSUB.2011"
4,"AFG","Afghanistan",NA,NA,NA,NA,NA,NA,NA,NA,NA,NA,NA,NA,NA,NA,NA,NA,NA,NA,NA,NA,NA,NA,NA,NA,NA,NA,NA,NA,NA,NA,NA,NA,NA,NA,NA,NA,NA,NA,NA,NA,NA,NA,NA,NA,NA,NA,NA,NA,NA,NA,NA,NA,NA,NA,NA,NA,NA
8,"ALB","Albania",NA,NA,NA,NA,NA,NA,NA,NA,NA,NA,NA,NA,NA,NA,NA,NA,NA,NA,NA,NA,NA,NA,NA,NA,NA,NA,NA,NA,NA,NA,NA,NA,NA,NA,NA,NA,NA,NA,NA,NA,NA,NA,NA,NA,NA,NA,NA,NA,NA,NA,NA,NA,NA,NA,NA,NA,NA
12,"DZA","Algeria",NA,NA,NA,NA,NA,NA,NA,NA,NA,NA,NA,NA,NA,NA,NA,NA,NA,NA,NA,NA,NA,NA,NA,NA,NA,NA,NA,NA,NA,NA,NA,NA,NA,NA,NA,NA,NA,NA,NA,NA,NA,NA,NA,NA,NA,NA,NA,NA,NA,NA,NA,NA,NA,NA,NA,NA,NA
16,"ASM","American Samoa",NA,NA,NA,NA,NA,NA,NA,NA,NA,NA,NA,NA,NA,NA,NA,NA,NA,NA,NA,NA,NA,NA,NA,NA,NA,NA,NA,NA,NA,NA,NA,NA,NA,NA,NA,NA,NA,NA,NA,NA,NA,NA,NA,NA,NA,NA,NA,NA,NA,NA,NA,NA,NA,NA,NA,NA,NA
20,"AND","Andorra",NA,NA,NA,NA,NA,NA,NA,NA,NA,NA,NA,NA,NA,NA,NA,NA,NA,NA,NA,NA,NA,NA,NA,NA,NA,NA,NA,NA,NA,NA,NA,NA,NA,NA,NA,NA,NA,NA,NA,NA,NA,NA,NA,NA,NA,NA,NA,NA,NA,NA,NA,NA,NA,NA,NA,NA,NA
24,"AGO","Angola",NA,NA,NA,NA,NA,NA,NA,NA,NA,NA,NA,NA,NA,NA,NA,NA,NA,NA,NA,NA,NA,NA,NA,NA,NA,NA,NA,NA,NA,NA,NA,NA,NA,NA,NA,NA,NA,NA,NA,NA,NA,NA,NA,NA,NA,NA,NA,NA,NA,NA,NA,NA,NA,NA,NA,NA,NA
660,"AIA","Anguilla",NA,NA,NA,NA,NA,NA,NA,NA,NA,NA,NA,NA,NA,NA,NA,NA,NA,NA,NA,NA,NA,NA,NA,NA,NA,NA,NA,NA,NA,NA,NA,NA,NA,NA,NA,NA,NA,NA,NA,NA,NA,NA,NA,NA,NA,NA,NA,NA,NA,NA,NA,NA,NA,NA,NA,NA,NA
28,"ATG","Antigua and Barbuda",NA,NA,NA,NA,NA,NA,NA,NA,NA,NA,NA,NA,NA,NA,NA,NA,NA,NA,NA,NA,NA,NA,NA,NA,NA,NA,NA,NA,NA,NA,NA,NA,NA,NA,NA,NA,NA,NA,NA,NA,NA,NA,NA,NA,NA,NA,NA,NA,NA,NA,NA,NA,NA,NA,NA,NA,NA
32,"ARG","Argentina",NA,NA,NA,NA,NA,-0.328919,-0.2941932,-0.2873728,-0.2376279,-0.117581,-0.2322143,-0.1310055,-0.260706,-0.278913,-0.2313285,-0.1789894,-0.108898,-0.2486202,-0.2897848,-0.3193004,-0.3422,-0.2710465,-0.2029914,-0.1385598,-0.0648975,-0.0524096,-0.2265054,-0.2356529,-0.2565576,-0.193547,-0.1938676,-0.1776183,-0.118599,-0.0864277,-0.214959,-0.2334848,-0.0640221,-0.031781,0.0040157,-0.0251625,-0.035773,-0.0317736,-0.0324844,-0.0496185,-0.0486819,-0.0466144,-0.0215309,-0.2304016,-0.2225765,-0.2248855,-0.2282545,-0.2372994,-0.2806697,-0.2990461,-0.2543102,-0.2116376,NA
51,"ARM","Armenia",NA,NA,NA,NA,NA,NA,NA,NA,NA,NA,NA,NA,NA,NA,NA,NA,NA,NA,NA,NA,NA,NA,NA,NA,NA,NA,NA,NA,NA,NA,NA,NA,NA,NA,NA,NA,NA,NA,NA,NA,NA,NA,NA,NA,NA,NA,NA,NA,NA,NA,NA,NA,NA,NA,NA,NA,NA
533,"ABW","Aruba",NA,NA,NA,NA,NA,NA,NA,NA,NA,NA,NA,NA,NA,NA,NA,NA,NA,NA,NA,NA,NA,NA,NA,NA,NA,NA,NA,NA,NA,NA,NA,NA,NA,NA,NA,NA,NA,NA,NA,NA,NA,NA,NA,NA,NA,NA,NA,NA,NA,NA,NA,NA,NA,NA,NA,NA,NA
36,"AUS","Australia",0.0593156,0.0787637,0.1031175,0.0748153,0.0893888,0.1100221,0.103303,0.0978162,0.0723127,0.0913242,0.1057861,0.0960207,0.1536474,0.1383574,0.1415537,0.1696979,0.1196213,0.079593,0.0628758,0.0405426,0.0495467,0.0561947,0.0755083,0.0482805,0.0372203,0.0502636,0.0458976,0.0893995,0.0562506,0.0464904,0.0525655,0.0816028,0.0533933,0.0388531,0.0363855,0.0635207,0.044376,0.0384783,0.0374961,0.0377577,0.0349978,0.0356258,0.0286977,0.0250483,0.021191,0.0052114,0.0051743,0.0051261,0.0051371,0.0056054,0.0049398,0.0347905,0.0260425,0.0206415,0.0173107,0.0122134,0.0127186
40,"AUT","Austria",NA,0.2064042,0.2326067,0.2591276,0.2870693,0.3084718,0.3498755,0.3748809,0.29004,0.3309407,0.4232926,0.3897482,0.3461923,0.3197845,0.3143938,0.2380479,0.2861117,0.1792226,-0.019362,-0.096476,0.0558315,0.0440881,0.1777346,0.2817251,0.2676972,0.1276199,0.1348579,0.225832,0.2194522,0.1597052,0.2668266,0.5543588,0.5918711,0.5244207,0.3977956,0.5919098,0.6619956,0.7149972,0.7990846,0.821491,0.3866847,0.344879,0.3898697,0.5258821,0.6490967,0.4233297,0.3437304,0.4329008,0.4708956,0.3964553,0.2486581,0.2138401,0.1431663,0.0998311,0.1037284,0.0657684,0.0488268
31,"AZE","Azerbaijan",NA,NA,NA,NA,NA,NA,NA,NA,NA,NA,NA,NA,NA,NA,NA,NA,NA,NA,NA,NA,NA,NA,NA,NA,NA,NA,NA,NA,NA,NA,NA,NA,NA,NA,NA,NA,NA,NA,NA,NA,NA,NA,NA,NA,NA,NA,NA,NA,NA,NA,NA,NA,NA,NA,NA,NA,NA
44,"BHS","Bahamas",NA,NA,NA,NA,NA,NA,NA,NA,NA,NA,NA,NA,NA,NA,NA,NA,NA,NA,NA,NA,NA,NA,NA,NA,NA,NA,NA,NA,NA,NA,NA,NA,NA,NA,NA,NA,NA,NA,NA,NA,NA,NA,NA,NA,NA,NA,NA,NA,NA,NA,NA,NA,NA,NA,NA,NA,NA
48,"BHR","Bahrain",NA,NA,NA,NA,NA,NA,NA,NA,NA,NA,NA,NA,NA,NA,NA,NA,NA,NA,NA,NA,NA,NA,NA,NA,NA,NA,NA,NA,NA,NA,NA,NA,NA,NA,NA,NA,NA,NA,NA,NA,NA,NA,NA,NA,NA,NA,NA,NA,NA,NA,NA,NA,NA,NA,NA,NA,NA
50,"BGD","Bangladesh",NA,NA,NA,NA,NA,NA,NA,NA,NA,NA,NA,NA,NA,NA,NA,NA,NA,NA,NA,-0.1600167,0.5731949,-0.0595162,-0.1831967,-0.1912851,-0.070453,-0.0744716,-0.2725489,0.0298251,0.0486135,0.1059026,0.2248147,0.0173647,0.2558798,0.0722988,0.0121494,-0.0045012,0.0311248,0.0020372,-0.0505957,-0.0530538,0.0120466,-0.094787,-0.1137661,-0.0781225,0.013435,0.0383838,0.0627531,0.0255661,0.0466099,-0.036799,-0.182003,-0.1813937,-0.1580737,-0.3732375,-0.3057464,NA,NA
52,"BRB","Barbados",NA,NA,NA,NA,NA,NA,NA,NA,NA,NA,NA,NA,NA,NA,NA,NA,NA,NA,NA,NA,NA,NA,NA,NA,NA,NA,NA,NA,NA,NA,NA,NA,NA,NA,NA,NA,NA,NA,NA,NA,NA,NA,NA,NA,NA,NA,NA,NA,NA,NA,NA,NA,NA,NA,NA,NA,NA
112,"BLR","Belarus",NA,NA,NA,NA,NA,NA,NA,NA,NA,NA,NA,NA,NA,NA,NA,NA,NA,NA,NA,NA,NA,NA,NA,NA,NA,NA,NA,NA,NA,NA,NA,NA,NA,NA,NA,NA,NA,NA,NA,NA,NA,NA,NA,NA,NA,NA,NA,NA,NA,NA,NA,NA,NA,NA,NA,NA,NA
56,"BEL","Belgium",NA,NA,NA,NA,NA,NA,NA,1.5630253,1.3312878,0.9887549,NA,NA,NA,NA,NA,NA,1.9152846,1.2590399,0.4085374,0.3333475,0.7856639,NA,1.3162786,1.2642674,1.517188,0.7327216,0.9927437,1.1931723,1.7760453,1.2338076,1.1595627,0.9114861,0.7062632,0.7381573,0.5115958,0.5929996,0.730438,0.521931,0.6307095,0.5561037,0.4270865,0.3976089,0.4044688,0.5572381,0.6878771,0.4558421,0.3406744,0.4048788,0.4587925,0.4268398,0.2645566,0.2087679,0.1529351,0.1484697,0.118106,0.0781827,0.0499596
84,"BLZ","Belize",NA,NA,NA,NA,NA,NA,NA,NA,NA,NA,NA,NA,NA,NA,NA,NA,NA,NA,NA,NA,NA,NA,NA,NA,NA,NA,NA,NA,NA,NA,NA,NA,NA,NA,NA,NA,NA,NA,NA,NA,NA,NA,NA,NA,NA,NA,NA,NA,NA,NA,NA,NA,NA,NA,NA,NA,NA
204,"BEN","Benin",NA,NA,NA,NA,NA,NA,NA,NA,NA,NA,NA,NA,NA,NA,NA,-0.0052455,-0.0118088,-0.0123795,-0.0308175,-0.0089481,-0.0066418,-0.0079795,-0.0017952,-0.0039748,-0.0045177,-0.0026916,-0.0012543,-0.0046817,-0.0101916,-0.0123289,0.0024666,0.0012109,-0.0034289,-0.0024461,-0.013287,-0.011773,-0.0058431,0.0041329,-0.0117828,-0.0687455,-0.0391037,-0.024266,-0.0242952,0.0017638,-0.0052529,-0.0155204,0.0030182,-0.0078061,-0.0085835,0.0054129,0.0018655,NA,NA,NA,NA,NA,NA
60,"BMU","Bermuda",NA,NA,NA,NA,NA,NA,NA,NA,NA,NA,NA,NA,NA,NA,NA,NA,NA,NA,NA,NA,NA,NA,NA,NA,NA,NA,NA,NA,NA,NA,NA,NA,NA,NA,NA,NA,NA,NA,NA,NA,NA,NA,NA,NA,NA,NA,NA,NA,NA,NA,NA,NA,NA,NA,NA,NA,NA
64,"BTN","Bhutan",NA,NA,NA,NA,NA,NA,NA,NA,NA,NA,NA,NA,NA,NA,NA,NA,NA,NA,NA,NA,NA,NA,NA,NA,NA,NA,NA,NA,NA,NA,NA,NA,NA,NA,NA,NA,NA,NA,NA,NA,NA,NA,NA,NA,NA,NA,NA,NA,NA,NA,NA,NA,NA,NA,NA,NA,NA
68,"BOL","Bolivia",NA,NA,NA,NA,NA,NA,NA,NA,NA,NA,NA,NA,NA,NA,NA,NA,NA,NA,NA,NA,NA,NA,NA,NA,NA,NA,NA,NA,NA,NA,NA,NA,NA,NA,NA,NA,NA,NA,NA,NA,NA,NA,NA,NA,NA,NA,NA,NA,NA,NA,NA,NA,NA,NA,NA,NA,NA
70,"BIH","Bosnia and Herzegovina",NA,NA,NA,NA,NA,NA,NA,NA,NA,NA,NA,NA,NA,NA,NA,NA,NA,NA,NA,NA,NA,NA,NA,NA,NA,NA,NA,NA,NA,NA,NA,NA,NA,NA,NA,NA,NA,NA,NA,NA,NA,NA,NA,NA,NA,NA,NA,NA,NA,NA,NA,NA,NA,NA,NA,NA,NA
72,"BWA","Botswana",NA,NA,NA,NA,NA,NA,NA,NA,NA,NA,NA,NA,NA,NA,NA,NA,NA,NA,NA,NA,NA,NA,NA,NA,NA,NA,NA,NA,NA,NA,NA,NA,NA,NA,NA,NA,NA,NA,NA,NA,NA,NA,NA,NA,NA,NA,NA,NA,NA,NA,NA,NA,NA,NA,NA,NA,NA
76,"BRA","Brazil",NA,NA,NA,NA,NA,NA,NA,NA,NA,NA,NA,-0.0811414,-0.0550832,-0.0620938,-0.0462194,-0.0919121,-0.0801115,-0.3483111,-0.3593512,-0.487028,-0.3666528,-0.1060337,-0.2176868,-0.2102008,-0.265757,-0.2937042,-0.2757495,-0.0635732,-0.3281271,-0.3253035,-0.3120272,0.0231751,-0.280979,-0.2787491,-0.2064986,-0.1265115,-0.1976151,-0.2007944,-0.138864,0.1012778,0.0488174,0.0405389,0.1060692,0.0928623,0.1098187,0.057926,0.0302249,0.0099618,0.0378674,0.0679869,0.0437166,0.0296706,0.030508,0.0189512,0.0184405,0.0092726,NA
92,"VGB","British Virgin Islands",NA,NA,NA,NA,NA,NA,NA,NA,NA,NA,NA,NA,NA,NA,NA,NA,NA,NA,NA,NA,NA,NA,NA,NA,NA,NA,NA,NA,NA,NA,NA,NA,NA,NA,NA,NA,NA,NA,NA,NA,NA,NA,NA,NA,NA,NA,NA,NA,NA,NA,NA,NA,NA,NA,NA,NA,NA
96,"BRN","Brunei Darussalam",NA,NA,NA,NA,NA,NA,NA,NA,NA,NA,NA,NA,NA,NA,NA,NA,NA,NA,NA,NA,NA,NA,NA,NA,NA,NA,NA,NA,NA,NA,NA,NA,NA,NA,NA,NA,NA,NA,NA,NA,NA,NA,NA,NA,NA,NA,NA,NA,NA,NA,NA,NA,NA,NA,NA,NA,NA
100,"BGR","Bulgaria",NA,NA,NA,NA,NA,NA,NA,NA,NA,NA,NA,NA,NA,NA,NA,NA,NA,NA,NA,NA,NA,NA,NA,NA,NA,NA,NA,NA,NA,NA,NA,NA,NA,NA,NA,NA,NA,-0.3143688,-0.0281304,-0.2324029,-0.1882935,-0.3570889,-0.0905316,0.0552861,-0.0449452,0.021572,-0.0582229,-0.1032004,0.1340997,0.1825305,0.0374485,0.0022251,0.0336221,0.0127232,0.0149271,0.007311,0.0040863
854,"BFA","Burkina Faso",NA,NA,NA,NA,NA,NA,NA,NA,NA,NA,NA,NA,NA,NA,NA,-0.0031541,-0.0080739,-0.0092709,-0.0236637,-0.0081845,-0.015341,-0.0335745,-0.0055473,-0.0107118,-0.0105335,-0.0115592,-0.0070451,-0.0153006,-0.0237355,-0.0158359,0.0011192,-0.0001456,-0.0066972,-0.0040471,-0.0170164,-0.0114996,-0.0030661,0.0012409,-0.0031026,-0.0361618,-0.0185261,-0.0130298,-0.0241739,-0.0037167,-0.0019445,-0.0155894,0.0048011,-0.004957,-0.0120668,0.0211929,0.0075964,-0.0220676,-0.0703065,-0.1021403,-0.0870897,-0.0778025,NA
108,"BDI","Burundi",NA,NA,NA,NA,NA,NA,NA,NA,NA,NA,NA,NA,NA,NA,NA,NA,NA,NA,NA,NA,NA,NA,NA,NA,NA,NA,NA,NA,NA,NA,NA,NA,NA,NA,NA,NA,NA,NA,NA,NA,NA,NA,NA,NA,NA,NA,NA,NA,NA,NA,NA,NA,NA,NA,NA,NA,NA
116,"KHM","Cambodia",NA,NA,NA,NA,NA,NA,NA,NA,NA,NA,NA,NA,NA,NA,NA,NA,NA,NA,NA,NA,NA,NA,NA,NA,NA,NA,NA,NA,NA,NA,NA,NA,NA,NA,NA,NA,NA,NA,NA,NA,NA,NA,NA,NA,NA,NA,NA,NA,NA,NA,NA,NA,NA,NA,NA,NA,NA
120,"CMR","Cameroon",NA,NA,NA,NA,NA,NA,-0.0298555,-0.0258446,-0.0336126,-0.0248375,-0.0382686,-0.0449871,-0.0547545,-0.0657436,-0.0957955,-0.0787764,-0.0599917,-0.0547474,-0.0786793,-0.100108,-0.0437506,-0.1168715,-0.2184575,-0.1906185,-0.1478696,-0.0912828,-0.0686661,-0.0967737,-0.1139398,-0.191459,-0.103431,-0.0749257,0.0118232,0.0260648,0.0189701,-0.0147334,-0.0124721,-0.0010322,-0.0150399,-0.0124144,-0.0028949,0.0010736,-0.0150654,-0.029661,-0.0171215,0.0023584,0.0017922,-0.0094396,-0.0084181,0.0068714,0.0110418,-0.0081205,-0.019285,-0.0354096,-0.0315727,NA,NA
124,"CAN","Canada",NA,NA,NA,NA,NA,NA,0.0925876,0.0803746,0.0776359,0.0739466,0.1178939,0.1126651,0.122095,0.1200838,0.1130301,0.129263,0.1258481,0.1156431,0.0762161,0.1023217,0.1298763,0.196431,0.2112837,0.2426073,0.2584481,0.2672942,0.3194927,0.3093828,0.3000487,0.3185983,0.4215091,0.4409812,0.4651,0.3653829,0.2929154,0.3371618,0.4319901,0.32874,0.2664927,0.2173924,0.2383351,0.1683613,0.1545644,0.1869095,0.1985435,0.2347783,0.1805044,0.2490881,0.2893343,0.2404968,0.1244028,0.1539015,0.0969697,0.0801879,0.1424838,0.1237168,0.1016443
132,"CPV","Cape Verde",NA,NA,NA,NA,NA,NA,NA,NA,NA,NA,NA,NA,NA,NA,NA,NA,NA,NA,NA,NA,NA,NA,NA,NA,NA,NA,NA,NA,NA,NA,NA,NA,NA,NA,NA,NA,NA,NA,NA,NA,NA,NA,NA,NA,NA,NA,NA,NA,NA,NA,NA,NA,NA,NA,NA,NA,NA
136,"CYM","Cayman Islands",NA,NA,NA,NA,NA,NA,NA,NA,NA,NA,NA,NA,NA,NA,NA,NA,NA,NA,NA,NA,NA,NA,NA,NA,NA,NA,NA,NA,NA,NA,NA,NA,NA,NA,NA,NA,NA,NA,NA,NA,NA,NA,NA,NA,NA,NA,NA,NA,NA,NA,NA,NA,NA,NA,NA,NA,NA
140,"CAF","Central African Republic",NA,NA,NA,NA,NA,NA,NA,NA,NA,NA,NA,NA,NA,NA,NA,NA,NA,NA,NA,NA,NA,NA,NA,NA,NA,NA,NA,NA,NA,NA,NA,NA,NA,NA,NA,NA,NA,NA,NA,NA,NA,NA,NA,NA,NA,NA,NA,NA,NA,NA,NA,NA,NA,NA,NA,NA,NA
148,"TCD","Chad",NA,NA,NA,NA,NA,NA,NA,NA,NA,NA,NA,NA,NA,NA,NA,-0.023092,-0.0411164,-0.0413126,-0.1099928,-0.0376684,-0.0658552,-0.0883309,-0.0250457,-0.0348017,-0.0207296,-0.0186555,-0.0139747,-0.0282688,-0.0638619,-0.0229819,0.0048671,0.0032156,-0.0021988,0.0011165,-0.0193843,-0.0096701,-0.0024005,0.0033435,-0.0040445,-0.0376967,-0.0183247,-0.0167652,-0.014233,0.0003504,0.0007483,-0.0102354,0.0005669,-0.0037663,-0.0039027,0.0115737,0.0022127,NA,NA,NA,NA,NA,NA
152,"CHL","Chile",NA,NA,NA,NA,NA,0.2296719,0.206311,0.2415483,0.3460162,0.2488228,0.2554302,0.1204293,0.1685216,0.1414692,0.1227249,0.1734732,0.2226116,0.1889712,0.0189252,-0.0055868,-0.0425689,-0.0030292,0.1038888,0.0964745,0.0686909,0.0783084,0.0323808,0.050045,0.0620363,0.1362074,0.1762774,0.190129,0.1502341,0.0789312,0.0543595,0.007497,0.0866446,0.0992703,0.0985892,0.1006178,0.0791845,0.0635282,0.0849422,0.0882287,0.0958431,0.102372,0.0587405,0.0538738,0.0487911,0.0266401,0.0321077,0.0506824,0.0874968,0.0334093,0.052544,0.0312356,0.0368294
156,"CHN","China",-0.4522774,-0.4522774,-0.4522774,-0.4522774,-0.4522774,-0.4522774,-0.4522774,-0.4522774,-0.4522774,-0.4522774,-0.4522774,-0.4522774,-0.4522774,-0.4522774,-0.4522774,-0.4522774,-0.4522774,-0.4522774,-0.4522774,-0.4522774,-0.4522774,-0.4522774,-0.4522774,-0.4522774,-0.4522774,-0.4522774,-0.4806815,-0.4703077,-0.464308,-0.3938122,-0.1692443,-0.3282927,-0.4548472,-0.4561772,-0.3640825,-0.2925571,-0.1800707,-0.1969599,-0.1150607,0.0708692,0.0638623,0.0437072,0.0714073,0.0966094,0.0548535,0.0816947,0.044919,0.0358314,0.0674117,0.0650277,0.0592733,0.1653813,0.1100511,-0.0565812,0.1515487,0.2707278,NA
170,"COL","Colombia",NA,NA,NA,NA,NA,-0.0468439,0.0358314,0.0055644,-0.0336841,0.0047472,0.0271416,-0.079485,-0.0683798,-0.0483622,-0.0668361,-0.1214235,-0.0861805,-0.1178381,-0.1716113,-0.2422084,-0.1999935,-0.1431706,-0.1437107,-0.0856732,-0.0758075,-0.0302639,0.0332958,0.120751,0.0922693,0.0337213,0.0318388,-0.0038091,0.0861093,-0.0467745,-0.0554754,-0.0362936,0.0148052,0.1596549,0.1680361,0.1046946,0.0631878,0.2109542,0.12544,0.1328932,0.1292594,0.1961966,0.2631026,0.3408282,0.3126369,0.1838661,0.1991962,0.1210497,0.1030244,0.2093175,0.2782963,0.3298219,NA
174,"COM","Comoros",NA,NA,NA,NA,NA,NA,NA,NA,NA,NA,NA,NA,NA,NA,NA,NA,NA,NA,NA,NA,NA,NA,NA,NA,NA,NA,NA,NA,NA,NA,NA,NA,NA,NA,NA,NA,NA,NA,NA,NA,NA,NA,NA,NA,NA,NA,NA,NA,NA,NA,NA,NA,NA,NA,NA,NA,NA
178,"COG","Congo",NA,NA,NA,NA,NA,NA,NA,NA,NA,NA,NA,NA,NA,NA,NA,NA,NA,NA,NA,NA,NA,NA,NA,NA,NA,NA,NA,NA,NA,NA,NA,NA,NA,NA,NA,NA,NA,NA,NA,NA,NA,NA,NA,NA,NA,NA,NA,NA,NA,NA,NA,NA,NA,NA,NA,NA,NA
184,"COK","Cook Islands",NA,NA,NA,NA,NA,NA,NA,NA,NA,NA,NA,NA,NA,NA,NA,NA,NA,NA,NA,NA,NA,NA,NA,NA,NA,NA,NA,NA,NA,NA,NA,NA,NA,NA,NA,NA,NA,NA,NA,NA,NA,NA,NA,NA,NA,NA,NA,NA,NA,NA,NA,NA,NA,NA,NA,NA,NA
188,"CRI","Costa Rica",NA,NA,NA,NA,NA,NA,NA,NA,NA,NA,NA,NA,NA,NA,NA,NA,NA,NA,NA,NA,NA,NA,NA,NA,NA,NA,NA,NA,NA,NA,NA,NA,NA,NA,NA,NA,NA,NA,NA,NA,NA,NA,NA,NA,NA,NA,NA,NA,NA,NA,NA,NA,NA,NA,NA,NA,NA
384,"CIV","Cote d'Ivoire",NA,NA,NA,NA,NA,NA,-0.2754956,-0.2019355,-0.2514648,-0.2980247,-0.274788,-0.3165157,-0.2823319,-0.3355533,-0.3846689,-0.3413286,-0.2858241,-0.304143,-0.2655627,-0.308326,-0.141682,-0.5474929,-0.4137797,-0.3567999,-0.2759457,-0.3509559,-0.3798577,-0.3217957,-0.3916296,-0.3351616,-0.3887982,-0.2924733,-0.2672094,-0.2087052,-0.1489894,-0.2447173,-0.1922333,-0.1760847,-0.1952337,-0.2133684,-0.1848349,-0.2369462,-0.2114354,-0.2130624,-0.2065026,-0.1801919,-0.2183594,-0.2674287,-0.3051909,-0.3193288,-0.3110419,-0.2938223,-0.2867696,-0.3137973,-0.281447,NA,NA
191,"HRV","Croatia",NA,NA,NA,NA,NA,NA,NA,NA,NA,NA,NA,NA,NA,NA,NA,NA,NA,NA,NA,NA,NA,NA,NA,NA,NA,NA,NA,NA,NA,NA,NA,NA,NA,NA,NA,NA,NA,NA,NA,NA,NA,NA,NA,NA,NA,NA,NA,NA,NA,NA,NA,NA,NA,NA,NA,NA,NA
192,"CUB","Cuba",NA,NA,NA,NA,NA,NA,NA,NA,NA,NA,NA,NA,NA,NA,NA,NA,NA,NA,NA,NA,NA,NA,NA,NA,NA,NA,NA,NA,NA,NA,NA,NA,NA,NA,NA,NA,NA,NA,NA,NA,NA,NA,NA,NA,NA,NA,NA,NA,NA,NA,NA,NA,NA,NA,NA,NA,NA
196,"CYP","Cyprus",NA,NA,NA,NA,NA,NA,NA,NA,NA,NA,NA,NA,NA,NA,NA,NA,NA,NA,NA,NA,NA,NA,NA,NA,NA,NA,NA,NA,NA,NA,NA,NA,NA,NA,NA,NA,NA,NA,NA,NA,NA,NA,NA,NA,NA,NA,NA,NA,NA,NA,0.2086697,0.1839586,0.1387011,0.1480529,0.1317583,0.1012299,0.0670968
203,"CZE","Czech Republic",NA,NA,NA,NA,NA,NA,NA,NA,NA,NA,NA,NA,NA,NA,NA,NA,NA,NA,NA,NA,NA,NA,NA,NA,NA,NA,NA,NA,NA,NA,NA,NA,NA,NA,NA,NA,NA,0.1987977,0.3240062,0.2224605,0.066265,0.0791174,0.0774729,0.3582637,0.2541626,0.1603736,0.2543321,0.3081119,0.347215,0.4836213,0.2536724,0.2262,0.1518013,0.0952327,0.1004696,0.0712921,0.0519339
180,"COD","Dem. Rep. Congo",NA,NA,NA,NA,NA,NA,NA,NA,NA,NA,NA,NA,NA,NA,NA,NA,NA,NA,NA,NA,NA,NA,NA,NA,NA,NA,NA,NA,NA,NA,NA,NA,NA,NA,NA,NA,NA,NA,NA,NA,NA,NA,NA,NA,NA,NA,NA,NA,NA,NA,NA,NA,NA,NA,NA,NA,NA
208,"DNK","Denmark",NA,0.2565616,0.2475266,0.3013802,0.3551239,0.189226,0.3634562,0.4362261,0.3567014,0.2874992,0.3389521,0.3678241,0.3747737,0.3980762,0.3914811,0.3171914,0.3984166,0.3207751,0.4588947,0.3272513,0.5535629,0.7917828,0.7906069,0.799768,0.9803116,0.6989418,0.8478304,0.8546135,1.118865,0.7557185,0.7010579,1.117935,1.023487,0.7711602,0.4277132,0.5464437,0.697049,0.431613,0.5390804,0.4854247,0.3738278,0.2799277,0.2980369,0.4613482,0.6191605,0.3610074,0.2833509,0.3554379,0.3756971,0.3304571,0.1958925,0.1656624,0.1161234,0.089019,0.0795372,0.0635994,0.0448726
262,"DJI","Djibouti",NA,NA,NA,NA,NA,NA,NA,NA,NA,NA,NA,NA,NA,NA,NA,NA,NA,NA,NA,NA,NA,NA,NA,NA,NA,NA,NA,NA,NA,NA,NA,NA,NA,NA,NA,NA,NA,NA,NA,NA,NA,NA,NA,NA,NA,NA,NA,NA,NA,NA,NA,NA,NA,NA,NA,NA,NA
212,"DMA","Dominica",NA,NA,NA,NA,NA,NA,NA,NA,NA,NA,NA,NA,NA,NA,NA,NA,NA,NA,NA,NA,NA,NA,NA,NA,NA,NA,NA,NA,NA,NA,NA,NA,NA,NA,NA,NA,NA,NA,NA,NA,NA,NA,NA,NA,NA,NA,NA,NA,NA,NA,NA,NA,NA,NA,NA,NA,NA
214,"DOM","Dominican Republic",-0.2187374,-0.0885414,-0.22292,-0.0294041,0.0087706,-0.073455,0.006772,-0.0832609,-0.1672665,0.045713,0.1311169,0.0076877,0.0614103,0.055478,-0.0047766,-0.143434,-0.021759,-0.1425494,-0.2229127,-0.3737849,-0.4278364,-0.137393,-0.2018068,-0.1669055,-0.1259488,-0.2553701,-0.2110859,-0.1350471,-0.4113362,-0.5240561,-0.2456747,-0.4112915,-0.4337863,-0.2514004,-0.4760328,-0.2032894,-0.124635,0.1279254,0.1580461,-0.0095669,0.086451,0.1253217,0.0848099,0.1049447,0.0583873,0.1991886,0.0929555,0.0266206,-0.243093,0.0506437,0.2809476,-0.0328078,0.1883284,-0.0592948,0.0951151,0.4304348,NA
218,"ECU","Ecuador",NA,NA,NA,NA,NA,NA,NA,NA,NA,NA,NA,-0.0732085,-0.1048922,-0.0723242,-0.1335419,-0.1507214,-0.2341906,-0.2469281,-0.225793,-0.2639332,-0.1844307,-0.1674097,-0.2384876,-0.0885029,-0.0708399,-0.0483331,0.0225585,0.1480059,0.0984862,0.0720683,0.0978946,0.0463794,0.0025494,-0.1229279,-0.0736928,-0.0952319,-0.0779967,-0.1371414,0.0443721,-0.0006015,0.0467173,-0.0012486,-0.0607914,0.0443789,-0.1297923,-0.0099291,0.1517347,0.2187493,0.0453005,-0.4454921,-0.2394616,-0.2372582,-0.3028822,-0.2407897,-0.2191545,-0.20746,NA
818,"EGY","Egypt",-0.2735034,-0.2578941,-0.2353487,-0.2046463,-0.1874388,-0.2480654,-0.3622154,-0.3441063,-0.3644251,-0.3768247,-0.4103916,-0.3768401,-0.3076746,-0.3722326,-0.417031,-0.3657896,-0.3831479,-0.3368879,-0.4068662,-0.3827621,-0.2722839,-0.1475593,-0.0510026,-0.0393841,-0.2844635,-0.2464088,-0.2794864,-0.1745308,0.0958104,0.1462031,-0.1008005,0.4413284,0.8093626,0.8603789,0.8201696,-0.1013349,0.0514305,-0.1466029,-0.0746676,-0.033227,-0.0118032,-0.0616244,0.0676492,0.1044609,0.101012,0.0364407,-0.056268,-0.1578263,-0.0510556,-0.0753887,-0.0260274,-0.0501121,-0.0502146,-0.0527076,-0.0008822,0.0116821,NA
222,"SLV","El Salvador",NA,NA,NA,NA,NA,NA,NA,NA,NA,NA,NA,NA,NA,NA,NA,NA,NA,NA,NA,NA,NA,NA,NA,NA,NA,NA,NA,NA,NA,NA,NA,NA,NA,NA,NA,NA,NA,NA,NA,NA,NA,NA,NA,NA,NA,NA,NA,NA,NA,NA,NA,NA,NA,NA,NA,NA,NA
226,"GNQ","Equatorial Guinea",NA,NA,NA,NA,NA,NA,NA,NA,NA,NA,NA,NA,NA,NA,NA,NA,NA,NA,NA,NA,NA,NA,NA,NA,NA,NA,NA,NA,NA,NA,NA,NA,NA,NA,NA,NA,NA,NA,NA,NA,NA,NA,NA,NA,NA,NA,NA,NA,NA,NA,NA,NA,NA,NA,NA,NA,NA
232,"ERI","Eritrea",NA,NA,NA,NA,NA,NA,NA,NA,NA,NA,NA,NA,NA,NA,NA,NA,NA,NA,NA,NA,NA,NA,NA,NA,NA,NA,NA,NA,NA,NA,NA,NA,NA,NA,NA,NA,NA,NA,NA,NA,NA,NA,NA,NA,NA,NA,NA,NA,NA,NA,NA,NA,NA,NA,NA,NA,NA
233,"EST","Estonia",NA,NA,NA,NA,NA,NA,NA,NA,NA,NA,NA,NA,NA,NA,NA,NA,NA,NA,NA,NA,NA,NA,NA,NA,NA,NA,NA,NA,NA,NA,NA,NA,NA,NA,NA,NA,NA,-0.3767142,-0.1957629,-0.0581337,0.0800022,0.1289787,0.1361127,0.406589,0.1254833,0.1509746,0.1345787,0.232905,0.300055,1.1343489,0.2255304,0.2094719,0.1108585,0.0831173,0.0887541,0.0685658,0.0515608
231,"ETH","Ethiopia",NA,NA,NA,NA,NA,NA,NA,NA,NA,NA,NA,NA,NA,NA,NA,NA,NA,NA,NA,NA,NA,NA,NA,NA,NA,NA,-0.152215,-0.1756274,-0.1638761,-0.2070493,-0.2359648,-0.1999971,-0.2378852,-0.245609,-0.1967309,-0.2258826,-0.2618464,-0.2690898,-0.2363521,-0.2246582,-0.1861467,-0.1891018,-0.1817512,-0.1603509,-0.1702883,-0.1625433,-0.0925153,-0.1240562,-0.0970516,-0.082406,-0.0325515,-0.4238103,0.2136834,0.205753,0.2693645,-0.4975828,NA
234,"FRO","Faeroe Islands",NA,NA,NA,NA,NA,NA,NA,NA,NA,NA,NA,NA,NA,NA,NA,NA,NA,NA,NA,NA,NA,NA,NA,NA,NA,NA,NA,NA,NA,NA,NA,NA,NA,NA,NA,NA,NA,NA,NA,NA,NA,NA,NA,NA,NA,NA,NA,NA,NA,NA,NA,NA,NA,NA,NA,NA,NA
238,"FLK","Falkland Islands",NA,NA,NA,NA,NA,NA,NA,NA,NA,NA,NA,NA,NA,NA,NA,NA,NA,NA,NA,NA,NA,NA,NA,NA,NA,NA,NA,NA,NA,NA,NA,NA,NA,NA,NA,NA,NA,NA,NA,NA,NA,NA,NA,NA,NA,NA,NA,NA,NA,NA,NA,NA,NA,NA,NA,NA,NA
242,"FJI","Fiji",NA,NA,NA,NA,NA,NA,NA,NA,NA,NA,NA,NA,NA,NA,NA,NA,NA,NA,NA,NA,NA,NA,NA,NA,NA,NA,NA,NA,NA,NA,NA,NA,NA,NA,NA,NA,NA,NA,NA,NA,NA,NA,NA,NA,NA,NA,NA,NA,NA,NA,NA,NA,NA,NA,NA,NA,NA
246,"FIN","Finland",NA,0.6940253,0.8625305,0.783199,0.8982452,0.7391439,1.005311,1.079273,0.939551,0.8844327,0.9670356,0.9058261,0.9772699,1.161727,1.048126,0.959848,0.9917521,0.7363742,0.5044491,0.4780447,0.6780481,0.6161385,0.7347924,0.8023053,0.9281611,0.3182724,0.4222212,0.4590693,0.3671823,0.2796002,0.7513285,1.481863,1.606977,1.566351,1.366397,1.539716,1.487108,1.260145,1.180513,1.24523,0.4307718,0.380071,0.4318731,0.6332337,0.7155499,0.4274709,0.3415996,0.4197073,0.4358303,0.4100929,0.2384152,0.1981774,0.102023,0.0879551,0.0942868,0.0728847,0.0525754
250,"FRA","France",NA,0.2660907,0.398066,0.6365011,0.347902,0.1261188,0.2723285,0.7885364,0.7379437,0.6741733,0.7216551,0.7072763,0.7109392,0.8078458,0.7534264,0.6063153,0.7229479,0.5692887,0.2298106,0.153143,0.3654318,0.5029705,0.4960459,0.5647862,0.681572,0.5859045,0.7191927,0.8118951,0.9061055,0.7160534,0.6934477,1.128277,1.165357,0.8003935,0.4934933,0.655638,0.8783299,0.6398638,0.618368,0.5241745,0.423629,0.3029425,0.3447472,0.4512831,0.5229408,0.3363833,0.2899735,0.3418719,0.3804178,0.3225158,0.1824238,0.1622467,0.1334069,0.0878289,0.0924333,0.063239,0.0483986
254,"GUF","French Guiana",NA,NA,NA,NA,NA,NA,NA,NA,NA,NA,NA,NA,NA,NA,NA,NA,NA,NA,NA,NA,NA,NA,NA,NA,NA,NA,NA,NA,NA,NA,NA,NA,NA,NA,NA,NA,NA,NA,NA,NA,NA,NA,NA,NA,NA,NA,NA,NA,NA,NA,NA,NA,NA,NA,NA,NA,NA
258,"PYF","French Polynesia",NA,NA,NA,NA,NA,NA,NA,NA,NA,NA,NA,NA,NA,NA,NA,NA,NA,NA,NA,NA,NA,NA,NA,NA,NA,NA,NA,NA,NA,NA,NA,NA,NA,NA,NA,NA,NA,NA,NA,NA,NA,NA,NA,NA,NA,NA,NA,NA,NA,NA,NA,NA,NA,NA,NA,NA,NA
266,"GAB","Gabon",NA,NA,NA,NA,NA,NA,NA,NA,NA,NA,NA,NA,NA,NA,NA,NA,NA,NA,NA,NA,NA,NA,NA,NA,NA,NA,NA,NA,NA,NA,NA,NA,NA,NA,NA,NA,NA,NA,NA,NA,NA,NA,NA,NA,NA,NA,NA,NA,NA,NA,NA,NA,NA,NA,NA,NA,NA
270,"GMB","Gambia",NA,NA,NA,NA,NA,NA,NA,NA,NA,NA,NA,NA,NA,NA,NA,NA,NA,NA,NA,NA,NA,NA,NA,NA,NA,NA,NA,NA,NA,NA,NA,NA,NA,NA,NA,NA,NA,NA,NA,NA,NA,NA,NA,NA,NA,NA,NA,NA,NA,NA,NA,NA,NA,NA,NA,NA,NA
268,"GEO","Georgia",NA,NA,NA,NA,NA,NA,NA,NA,NA,NA,NA,NA,NA,NA,NA,NA,NA,NA,NA,NA,NA,NA,NA,NA,NA,NA,NA,NA,NA,NA,NA,NA,NA,NA,NA,NA,NA,NA,NA,NA,NA,NA,NA,NA,NA,NA,NA,NA,NA,NA,NA,NA,NA,NA,NA,NA,NA
276,"DEU","Germany",NA,0.457369,0.4969969,0.5703062,0.556588,0.5464674,0.6466237,1.111943,0.9409347,0.8577007,1.00209,0.969127,0.9144254,1.009007,0.9757158,0.8550326,0.8949755,0.7150394,0.3892468,0.255739,0.4773972,0.8252296,0.6410148,0.6365068,0.8031531,0.6369086,0.8621137,0.9346263,1.151712,0.8462956,0.7966493,1.122123,1.011334,0.7647759,0.4610345,0.5915101,0.7900349,0.5757136,0.617918,0.5357952,0.432863,0.3476233,0.3862222,0.5251591,0.6199883,0.3940637,0.3151447,0.4078238,0.4297279,0.3590143,0.2092108,0.1767424,0.1410922,0.0922281,0.0921325,0.0661087,0.050137
288,"GHA","Ghana",-0.0149538,-0.0068129,-0.0177673,-0.0995221,-0.0786844,-0.0534508,0.0070906,-0.091769,-0.1446306,-0.1649575,-0.1512526,-0.1727892,-0.2152254,-0.2273249,-0.2220133,-0.1868145,-0.0317861,-0.1191228,-0.1981308,-0.20953,-0.1794113,-0.274151,-0.3032504,-0.2197681,-0.3025567,-0.1366942,-0.3211119,-0.3841453,NA,-0.0053107,-0.1424736,-0.1547092,0.0002698,-0.0017128,-0.0167741,-0.0239666,0.0167431,0.0015173,-0.0174062,-0.0641111,-0.037319,-0.053496,-0.0238252,-0.0169784,-0.0171367,-0.049676,0.0150518,0.0103166,-0.0370307,-0.0061958,0.0499386,0.0191635,-0.0333601,-0.0602137,-0.0776636,-0.0432775,NA
292,"GIB","Gibraltar",NA,NA,NA,NA,NA,NA,NA,NA,NA,NA,NA,NA,NA,NA,NA,NA,NA,NA,NA,NA,NA,NA,NA,NA,NA,NA,NA,NA,NA,NA,NA,NA,NA,NA,NA,NA,NA,NA,NA,NA,NA,NA,NA,NA,NA,NA,NA,NA,NA,NA,NA,NA,NA,NA,NA,NA,NA
300,"GRC","Greece",NA,NA,NA,NA,NA,NA,NA,NA,NA,NA,NA,NA,NA,NA,NA,NA,NA,NA,NA,NA,NA,NA,NA,NA,NA,NA,0.689284,0.8763387,0.8639606,0.6564128,0.4555042,0.9035962,0.7081397,0.7341195,0.5135827,0.5988855,0.7369619,0.5282238,0.6331365,0.5592416,0.4281232,0.3988674,0.4047612,0.55608,0.6830925,0.4506135,0.3400042,0.4034693,0.4585305,0.4269863,0.171087,0.1548811,0.1675088,0.1159177,0.1118594,0.082058,0.0524329
304,"GRL","Greenland",NA,NA,NA,NA,NA,NA,NA,NA,NA,NA,NA,NA,NA,NA,NA,NA,NA,NA,NA,NA,NA,NA,NA,NA,NA,NA,NA,NA,NA,NA,NA,NA,NA,NA,NA,NA,NA,NA,NA,NA,NA,NA,NA,NA,NA,NA,NA,NA,NA,NA,NA,NA,NA,NA,NA,NA,NA
308,"GRD","Grenada",NA,NA,NA,NA,NA,NA,NA,NA,NA,NA,NA,NA,NA,NA,NA,NA,NA,NA,NA,NA,NA,NA,NA,NA,NA,NA,NA,NA,NA,NA,NA,NA,NA,NA,NA,NA,NA,NA,NA,NA,NA,NA,NA,NA,NA,NA,NA,NA,NA,NA,NA,NA,NA,NA,NA,NA,NA
312,"GLP","Guadeloupe",NA,NA,NA,NA,NA,NA,NA,NA,NA,NA,NA,NA,NA,NA,NA,NA,NA,NA,NA,NA,NA,NA,NA,NA,NA,NA,NA,NA,NA,NA,NA,NA,NA,NA,NA,NA,NA,NA,NA,NA,NA,NA,NA,NA,NA,NA,NA,NA,NA,NA,NA,NA,NA,NA,NA,NA,NA
316,"GUM","Guam",NA,NA,NA,NA,NA,NA,NA,NA,NA,NA,NA,NA,NA,NA,NA,NA,NA,NA,NA,NA,NA,NA,NA,NA,NA,NA,NA,NA,NA,NA,NA,NA,NA,NA,NA,NA,NA,NA,NA,NA,NA,NA,NA,NA,NA,NA,NA,NA,NA,NA,NA,NA,NA,NA,NA,NA,NA
320,"GTM","Guatemala",NA,NA,NA,NA,NA,NA,NA,NA,NA,NA,NA,NA,NA,NA,NA,NA,NA,NA,NA,NA,NA,NA,NA,NA,NA,NA,NA,NA,NA,NA,NA,NA,NA,NA,NA,NA,NA,NA,NA,NA,NA,NA,NA,NA,NA,NA,NA,NA,NA,NA,NA,NA,NA,NA,NA,NA,NA
324,"GIN","Guinea",NA,NA,NA,NA,NA,NA,NA,NA,NA,NA,NA,NA,NA,NA,NA,NA,NA,NA,NA,NA,NA,NA,NA,NA,NA,NA,NA,NA,NA,NA,NA,NA,NA,NA,NA,NA,NA,NA,NA,NA,NA,NA,NA,NA,NA,NA,NA,NA,NA,NA,NA,NA,NA,NA,NA,NA,NA
624,"GNB","Guinea-Bissau",NA,NA,NA,NA,NA,NA,NA,NA,NA,NA,NA,NA,NA,NA,NA,NA,NA,NA,NA,NA,NA,NA,NA,NA,NA,NA,NA,NA,NA,NA,NA,NA,NA,NA,NA,NA,NA,NA,NA,NA,NA,NA,NA,NA,NA,NA,NA,NA,NA,NA,NA,NA,NA,NA,NA,NA,NA
328,"GUY","Guyana",NA,NA,NA,NA,NA,NA,NA,NA,NA,NA,NA,NA,NA,NA,NA,NA,NA,NA,NA,NA,NA,NA,NA,NA,NA,NA,NA,NA,NA,NA,NA,NA,NA,NA,NA,NA,NA,NA,NA,NA,NA,NA,NA,NA,NA,NA,NA,NA,NA,NA,NA,NA,NA,NA,NA,NA,NA
332,"HTI","Haiti",NA,NA,NA,NA,NA,NA,NA,NA,NA,NA,NA,NA,NA,NA,NA,NA,NA,NA,NA,NA,NA,NA,NA,NA,NA,NA,NA,NA,NA,NA,NA,NA,NA,NA,NA,NA,NA,NA,NA,NA,NA,NA,NA,NA,NA,NA,NA,NA,NA,NA,NA,NA,NA,NA,NA,NA,NA
336,"VAT","Holy See",NA,NA,NA,NA,NA,NA,NA,NA,NA,NA,NA,NA,NA,NA,NA,NA,NA,NA,NA,NA,NA,NA,NA,NA,NA,NA,NA,NA,NA,NA,NA,NA,NA,NA,NA,NA,NA,NA,NA,NA,NA,NA,NA,NA,NA,NA,NA,NA,NA,NA,NA,NA,NA,NA,NA,NA,NA
340,"HND","Honduras",NA,NA,NA,NA,NA,NA,NA,NA,NA,NA,NA,NA,NA,NA,NA,NA,NA,NA,NA,NA,NA,NA,NA,NA,NA,NA,NA,NA,NA,NA,NA,NA,NA,NA,NA,NA,NA,NA,NA,NA,NA,NA,NA,NA,NA,NA,NA,NA,NA,NA,NA,NA,NA,NA,NA,NA,NA
344,"HKG","Hong Kong",NA,NA,NA,NA,NA,NA,NA,NA,NA,NA,NA,NA,NA,NA,NA,NA,NA,NA,NA,NA,NA,NA,NA,NA,NA,NA,NA,NA,NA,NA,NA,NA,NA,NA,NA,NA,NA,NA,NA,NA,NA,NA,NA,NA,NA,NA,NA,NA,NA,NA,NA,NA,NA,NA,NA,NA,NA
348,"HUN","Hungary",NA,NA,NA,NA,NA,NA,NA,NA,NA,NA,NA,NA,NA,NA,NA,NA,NA,NA,NA,NA,NA,NA,NA,NA,NA,NA,NA,NA,NA,NA,NA,NA,NA,NA,NA,NA,NA,0.1579611,0.2796544,0.2368882,0.0738322,0.0657691,0.0653922,0.2573776,0.3279859,0.2598884,0.2275115,0.4459533,0.4281583,0.3124051,0.207868,0.1781768,0.141209,0.0735672,0.0830595,0.0686922,0.0498952
352,"ISL","Iceland",NA,NA,NA,NA,NA,NA,NA,NA,NA,NA,NA,NA,NA,NA,NA,NA,NA,NA,NA,NA,NA,NA,NA,NA,2.287425,2.434259,2.016689,2.817888,2.424942,2.89505,3.903066,3.032492,4.049031,3.214625,2.639896,3.449182,3.944451,3.095055,2.159134,1.792674,1.789306,1.227786,1.211849,2.177432,2.231519,1.49431,1.217289,1.495031,1.456583,1.528258,1.7815,1.589755,1.211147,0.8037246,0.6749808,0.6186576,0.5832574
356,"IND","India",0.0006851,0.0006851,0.0006851,0.0006851,0.0006851,0.0006851,0.0006851,0.0006851,0.0006851,0.0006851,0.203699,-0.0249026,-0.0496959,-0.1260875,0.0004125,0.076702,0.1704544,0.1890789,-0.0634527,-0.363585,-0.2839523,-0.0131193,0.0461873,-0.0617089,0.0338636,-0.0883672,-0.1474658,0.0552277,0.1296565,0.1472367,0.2862936,0.3175302,0.4258496,0.1391777,0.0762988,0.1580401,-0.0003206,-0.1217661,0.0105398,0.0436043,-0.0745109,-0.0691094,-0.0168413,0.111387,0.0818303,0.0930186,0.1676933,0.2596414,0.1554428,0.1108812,0.0661012,0.2307366,0.2519318,-0.0477211,0.1552117,0.1389595,NA
360,"IDN","Indonesia",NA,NA,NA,NA,NA,NA,NA,NA,NA,NA,NA,NA,NA,NA,NA,-0.0275086,0.0636501,0.0166325,-0.0889747,-0.0922469,0.1200846,0.1811314,0.1745841,0.02747,-0.0386852,-0.0357831,0.0770867,0.2214239,0.1231659,0.0743537,0.1028327,0.0798149,-0.0566066,-0.0903092,-0.1218268,-0.0560319,-0.0786451,-0.0663969,-0.0591161,-0.0685514,-0.1076108,-0.0953414,-0.0578914,-0.2182162,0.0501013,0.1264738,0.1379875,0.1175148,0.1367366,0.0566247,0.0085504,0.149342,0.1351868,-0.1175165,0.0185345,0.2020316,NA
364,"IRN","Iran",NA,NA,NA,NA,NA,NA,NA,NA,NA,NA,NA,NA,NA,NA,NA,NA,NA,NA,NA,NA,NA,NA,NA,NA,NA,NA,NA,NA,NA,NA,NA,NA,NA,NA,NA,NA,NA,NA,NA,NA,NA,NA,NA,NA,NA,NA,NA,NA,NA,NA,NA,NA,NA,NA,NA,NA,NA
368,"IRQ","Iraq",NA,NA,NA,NA,NA,NA,NA,NA,NA,NA,NA,NA,NA,NA,NA,NA,NA,NA,NA,NA,NA,NA,NA,NA,NA,NA,NA,NA,NA,NA,NA,NA,NA,NA,NA,NA,NA,NA,NA,NA,NA,NA,NA,NA,NA,NA,NA,NA,NA,NA,NA,NA,NA,NA,NA,NA,NA
372,"IRL","Ireland",NA,0.1359802,0.2340377,0.1904629,0.2572491,0.1699,0.4835837,0.5426175,0.4273827,0.4054725,0.4997357,0.4432292,0.4737065,0.5758235,0.4479102,0.3947599,0.429278,0.2785181,0.6616739,0.4007848,0.5909447,1.015398,0.8334251,0.842235,0.9079816,0.7306584,0.9808995,1.096792,1.627864,1.407795,1.501272,1.733798,1.662396,1.022958,0.6643524,0.8726231,1.051053,0.8115886,0.7301298,0.680997,0.6070449,0.5091696,0.6261078,0.7784653,0.8509634,0.5835468,0.529171,0.6978573,0.7121606,0.5515921,0.4927405,0.3588775,0.1862016,0.1337721,0.1569838,0.0769354,0.0574683
833,"IMN","Isle of Man",NA,NA,NA,NA,NA,NA,NA,NA,NA,NA,NA,NA,NA,NA,NA,NA,NA,NA,NA,NA,NA,NA,NA,NA,NA,NA,NA,NA,NA,NA,NA,NA,NA,NA,NA,NA,NA,NA,NA,NA,NA,NA,NA,NA,NA,NA,NA,NA,NA,NA,NA,NA,NA,NA,NA,NA,NA
376,"ISR","Israel",NA,NA,NA,NA,NA,NA,NA,NA,NA,NA,NA,NA,NA,NA,NA,NA,NA,NA,NA,NA,NA,NA,NA,NA,NA,NA,NA,NA,NA,NA,NA,NA,NA,NA,NA,NA,NA,NA,NA,NA,0.2043786,0.2406562,0.3068448,0.2925594,0.327692,0.3476602,0.2711175,0.2026223,0.1231527,0.114114,0.1364065,0.0935084,-0.0198301,0.2027441,0.1627374,0.1665646,0.1336689
380,"ITA","Italy",NA,0.0336071,-0.005774,0.1996662,-0.02031,0.0047186,0.108932,0.572476,0.5328607,0.4821114,0.54041,0.5104914,0.4911232,0.5727329,0.5162929,0.4325713,0.5181409,0.44732,0.1715332,0.1213213,0.2587805,0.3894158,0.3883694,0.4047434,0.5037408,0.4612891,0.5885158,0.7136754,0.7195587,0.6442177,0.5956006,0.795224,0.7983805,0.6148439,0.3825178,0.4757207,0.5696667,0.4775352,0.4754167,0.4169466,0.3613973,0.2661121,0.3073501,0.3444896,0.3862682,0.2627404,0.2503807,0.2962577,0.3089131,0.2681869,0.1283255,0.1181428,0.102617,0.1020094,0.0969505,0.0740725,0.0534687
388,"JAM","Jamaica",NA,NA,NA,NA,NA,NA,NA,NA,NA,NA,NA,NA,NA,NA,NA,NA,NA,NA,NA,NA,NA,NA,NA,NA,NA,NA,NA,NA,NA,NA,NA,NA,NA,NA,NA,NA,NA,NA,NA,NA,NA,NA,NA,NA,NA,NA,NA,NA,NA,NA,NA,NA,NA,NA,NA,NA,NA
392,"JPN","Japan",0.1697142,0.3357721,0.4332484,0.4854273,0.5160004,0.5458465,0.4674286,0.3647431,0.4743148,0.4352986,0.4892911,0.479156,0.4518152,0.5376678,0.5622692,0.5704427,0.5367354,0.5943175,0.4512567,0.191071,0.3927218,0.5419448,0.720808,0.8943968,0.7923374,0.639662,0.6890415,0.6644358,0.7796199,0.8916976,0.9706626,1.36849,1.309306,1.243144,1.06026,0.9025791,0.9518428,1.117115,1.12319,1.72148,1.400647,1.160264,1.058516,1.054556,1.305272,1.410731,1.193728,1.153895,1.030994,1.228327,0.882633,0.8560978,0.6779615,0.7778128,0.7743899,0.8201066,0.7979543
400,"JOR","Jordan",NA,NA,NA,NA,NA,NA,NA,NA,NA,NA,NA,NA,NA,NA,NA,NA,NA,NA,NA,NA,NA,NA,NA,NA,NA,NA,NA,NA,NA,NA,NA,NA,NA,NA,NA,NA,NA,NA,NA,NA,NA,NA,NA,NA,NA,NA,NA,NA,NA,NA,NA,NA,NA,NA,NA,NA,NA
398,"KAZ","Kazakhstan",NA,NA,NA,NA,NA,NA,NA,NA,NA,NA,NA,NA,NA,NA,NA,NA,NA,NA,NA,NA,NA,NA,NA,NA,NA,NA,NA,NA,NA,NA,NA,NA,NA,NA,NA,NA,NA,NA,NA,NA,1.1710068,0.5537663,0.1589151,0.576214,0.3461351,0.3492284,0.1377212,0.3712125,-0.1822789,-0.0759794,0.243118,0.2530476,0.0027932,-0.0440898,0.2768671,0.1785283,0.1673196
404,"KEN","Kenya",NA,0.234525,0.26314,0.3203875,0.2470571,0.2894141,0.0386944,0.2163918,0.3410464,0.2627537,-0.0374934,-0.060255,0.2233423,0.231822,0.1290563,-0.0950583,-0.2281841,-0.0341355,-0.0961979,-0.134643,0.0441534,0.1016162,-0.2051156,-0.153878,0.1303018,-0.2320178,-0.1886881,-0.3049597,-0.155933,-0.0466851,0.1097637,0.1271744,0.2130915,-0.0908228,0.1678138,0.0201512,-0.0780118,0.0698584,-0.3090218,0.0054561,-0.0176778,-0.0086446,0.0416247,-0.0276765,0.1310637,0.0525842,0.1577255,0.0683582,0.085625,0.0991301,0.0570692,0.0042873,-0.026149,-0.0178789,0.0047707,-0.0250526,NA
296,"KIR","Kiribati",NA,NA,NA,NA,NA,NA,NA,NA,NA,NA,NA,NA,NA,NA,NA,NA,NA,NA,NA,NA,NA,NA,NA,NA,NA,NA,NA,NA,NA,NA,NA,NA,NA,NA,NA,NA,NA,NA,NA,NA,NA,NA,NA,NA,NA,NA,NA,NA,NA,NA,NA,NA,NA,NA,NA,NA,NA
414,"KWT","Kuwait",NA,NA,NA,NA,NA,NA,NA,NA,NA,NA,NA,NA,NA,NA,NA,NA,NA,NA,NA,NA,NA,NA,NA,NA,NA,NA,NA,NA,NA,NA,NA,NA,NA,NA,NA,NA,NA,NA,NA,NA,NA,NA,NA,NA,NA,NA,NA,NA,NA,NA,NA,NA,NA,NA,NA,NA,NA
417,"KGZ","Kyrgyzstan",NA,NA,NA,NA,NA,NA,NA,NA,NA,NA,NA,NA,NA,NA,NA,NA,NA,NA,NA,NA,NA,NA,NA,NA,NA,NA,NA,NA,NA,NA,NA,NA,NA,NA,NA,NA,NA,NA,NA,NA,NA,NA,NA,NA,NA,NA,NA,NA,NA,NA,NA,NA,NA,NA,NA,NA,NA
418,"LAO","Laos",NA,NA,NA,NA,NA,NA,NA,NA,NA,NA,NA,NA,NA,NA,NA,NA,NA,NA,NA,NA,NA,NA,NA,NA,NA,NA,NA,NA,NA,NA,NA,NA,NA,NA,NA,NA,NA,NA,NA,NA,NA,NA,NA,NA,NA,NA,NA,NA,NA,NA,NA,NA,NA,NA,NA,NA,NA
428,"LVA","Latvia",NA,NA,NA,NA,NA,NA,NA,NA,NA,NA,NA,NA,NA,NA,NA,NA,NA,NA,NA,NA,NA,NA,NA,NA,NA,NA,NA,NA,NA,NA,NA,NA,NA,NA,NA,NA,NA,-0.4549643,-0.2439783,0.0676102,0.0316142,0.0514088,0.1377061,0.4807672,0.5413236,0.3795327,0.4015789,0.3500991,0.3094636,0.7321554,0.20094,0.1869689,0.0945283,0.0855108,0.0913818,0.070018,0.0558959
422,"LBN","Lebanon",NA,NA,NA,NA,NA,NA,NA,NA,NA,NA,NA,NA,NA,NA,NA,NA,NA,NA,NA,NA,NA,NA,NA,NA,NA,NA,NA,NA,NA,NA,NA,NA,NA,NA,NA,NA,NA,NA,NA,NA,NA,NA,NA,NA,NA,NA,NA,NA,NA,NA,NA,NA,NA,NA,NA,NA,NA
426,"LSO","Lesotho",NA,NA,NA,NA,NA,NA,NA,NA,NA,NA,NA,NA,NA,NA,NA,NA,NA,NA,NA,NA,NA,NA,NA,NA,NA,NA,NA,NA,NA,NA,NA,NA,NA,NA,NA,NA,NA,NA,NA,NA,NA,NA,NA,NA,NA,NA,NA,NA,NA,NA,NA,NA,NA,NA,NA,NA,NA
430,"LBR","Liberia",NA,NA,NA,NA,NA,NA,NA,NA,NA,NA,NA,NA,NA,NA,NA,NA,NA,NA,NA,NA,NA,NA,NA,NA,NA,NA,NA,NA,NA,NA,NA,NA,NA,NA,NA,NA,NA,NA,NA,NA,NA,NA,NA,NA,NA,NA,NA,NA,NA,NA,NA,NA,NA,NA,NA,NA,NA
434,"LBY","Libya",NA,NA,NA,NA,NA,NA,NA,NA,NA,NA,NA,NA,NA,NA,NA,NA,NA,NA,NA,NA,NA,NA,NA,NA,NA,NA,NA,NA,NA,NA,NA,NA,NA,NA,NA,NA,NA,NA,NA,NA,NA,NA,NA,NA,NA,NA,NA,NA,NA,NA,NA,NA,NA,NA,NA,NA,NA
438,"LIE","Liechtenstein",NA,NA,NA,NA,NA,NA,NA,NA,NA,NA,NA,NA,NA,NA,NA,NA,NA,NA,NA,NA,NA,NA,NA,NA,NA,NA,NA,NA,NA,NA,NA,NA,NA,NA,NA,NA,NA,NA,NA,NA,NA,NA,NA,NA,NA,NA,NA,NA,NA,NA,NA,NA,NA,NA,NA,NA,NA
440,"LTU","Lithuania",NA,NA,NA,NA,NA,NA,NA,NA,NA,NA,NA,NA,NA,NA,NA,NA,NA,NA,NA,NA,NA,NA,NA,NA,NA,NA,NA,NA,NA,NA,NA,NA,NA,NA,NA,NA,NA,-0.4500971,-0.1979185,-0.154851,0.0246482,0.0607044,0.1697768,0.4468941,0.4652698,0.2726287,0.2180647,0.3769678,0.3925841,0.6525815,0.2300458,0.2359443,0.1367791,0.0872655,0.0965815,0.0709553,0.0556183
442,"LUX","Luxembourg",NA,NA,NA,NA,NA,NA,NA,1.5630253,1.3312878,0.9887549,NA,NA,NA,NA,NA,NA,1.9152846,1.2590399,0.4085374,0.3333475,0.7856639,NA,1.3162786,1.2642674,1.517188,0.7327216,0.9927437,1.1931723,1.7760453,1.2338076,1.1595627,0.9114861,0.7062632,0.7381573,0.5115958,0.5929996,0.730438,0.521931,0.6307095,0.5561037,0.4270865,0.3976089,0.4044688,0.5572381,0.6878771,0.4558421,0.3406744,0.4048788,0.4587925,0.4268398,0.2645566,0.2087679,0.1529351,0.1484697,0.118106,0.0781827,0.0499596
446,"MAC","Macao",NA,NA,NA,NA,NA,NA,NA,NA,NA,NA,NA,NA,NA,NA,NA,NA,NA,NA,NA,NA,NA,NA,NA,NA,NA,NA,NA,NA,NA,NA,NA,NA,NA,NA,NA,NA,NA,NA,NA,NA,NA,NA,NA,NA,NA,NA,NA,NA,NA,NA,NA,NA,NA,NA,NA,NA,NA
807,"MKD","Macedonia",NA,NA,NA,NA,NA,NA,NA,NA,NA,NA,NA,NA,NA,NA,NA,NA,NA,NA,NA,NA,NA,NA,NA,NA,NA,NA,NA,NA,NA,NA,NA,NA,NA,NA,NA,NA,NA,NA,NA,NA,NA,NA,NA,NA,NA,NA,NA,NA,NA,NA,NA,NA,NA,NA,NA,NA,NA
450,"MDG","Madagascar",0.0018145,0.0018793,0.0017831,0.0016889,0.001677,-0.0125567,-0.0849398,-0.0481936,-0.0705324,-0.0811019,-0.0785742,-0.1215595,-0.0838596,-0.1681026,-0.1042419,-0.0088314,-0.0082175,-0.0106162,-0.2406848,-0.4047922,-0.1907782,-0.3255181,-0.257705,-0.3848726,-0.1940957,-0.266929,-0.3997552,-0.4745647,-0.4300539,-0.366466,-0.1509512,-0.145228,-0.2701565,-0.2040569,-0.1387643,-0.0713257,-0.089484,-0.0607205,-0.0621926,0.0139269,-0.0738467,-0.0309022,-0.0472906,0.0053151,0.0018679,0.0208813,-0.0118591,-0.0265415,0.2017828,0.1940171,0.2402424,0.0180081,0.0892958,-0.0997852,-0.0701637,-0.0558211,NA
454,"MWI","Malawi",NA,NA,NA,NA,NA,NA,NA,NA,NA,NA,NA,NA,NA,NA,NA,NA,NA,NA,NA,NA,NA,NA,NA,NA,NA,NA,NA,NA,NA,NA,NA,NA,NA,NA,NA,NA,NA,NA,NA,NA,NA,NA,NA,NA,NA,NA,NA,NA,NA,NA,NA,NA,NA,NA,NA,NA,NA
458,"MYS","Malaysia",NA,NA,NA,NA,NA,-0.0980994,-0.0718044,-0.0524626,-0.047481,-0.0904438,-0.0412868,-0.0666351,-0.0819152,-0.0868628,-0.0995498,-0.0612757,-0.0859443,-0.0346061,-0.0822016,-0.1858537,-0.1522758,-0.0652974,-0.1348519,-0.1472425,-0.148991,-0.1429584,-0.0777806,0.0003284,0.0057684,-0.0172301,0.0594401,0.0287887,-0.0211274,-0.0175599,0.0161674,0.0369371,0.0264662,0.00892,0.0298364,0.0111177,0.0117459,0.0155835,-0.0496457,0.0030971,0.0091832,0.015834,0.0183471,0.0122249,0.0073992,0.0065069,-0.1254077,0.0103515,-0.0914796,-0.1226087,-0.0546259,0.0638232,NA
462,"MDV","Maldives",NA,NA,NA,NA,NA,NA,NA,NA,NA,NA,NA,NA,NA,NA,NA,NA,NA,NA,NA,NA,NA,NA,NA,NA,NA,NA,NA,NA,NA,NA,NA,NA,NA,NA,NA,NA,NA,NA,NA,NA,NA,NA,NA,NA,NA,NA,NA,NA,NA,NA,NA,NA,NA,NA,NA,NA,NA
466,"MLI","Mali",NA,NA,NA,NA,NA,NA,NA,NA,NA,NA,NA,NA,NA,NA,NA,-0.0062204,-0.0123698,-0.0132411,-0.0332386,-0.0111132,-0.0253148,-0.0453557,-0.0099845,-0.0162158,-0.0120697,-0.0142091,-0.009387,-0.0197066,-0.031016,-0.0197105,-0.0011908,-0.0040751,-0.0083226,-0.008063,-0.0267792,-0.0196204,-0.0037317,0.0039367,-0.0042141,-0.0405067,-0.0316017,-0.0202426,-0.0295815,-0.0042088,-0.0090041,-0.0091281,0.0048055,-0.0024677,-0.005559,0.0162332,0.0035099,-0.0329021,-0.054747,-0.0487327,-0.03295,-0.0564879,NA
470,"MLT","Malta",NA,NA,NA,NA,NA,NA,NA,NA,NA,NA,NA,NA,NA,NA,NA,NA,NA,NA,NA,NA,NA,NA,NA,NA,NA,NA,NA,NA,NA,NA,NA,NA,NA,NA,NA,NA,NA,NA,NA,NA,NA,NA,NA,NA,NA,NA,NA,NA,NA,NA,0.1869906,0.1496381,0.119057,0.1204732,0.1096074,0.0886039,0.0640097
584,"MHL","Marshall Islands",NA,NA,NA,NA,NA,NA,NA,NA,NA,NA,NA,NA,NA,NA,NA,NA,NA,NA,NA,NA,NA,NA,NA,NA,NA,NA,NA,NA,NA,NA,NA,NA,NA,NA,NA,NA,NA,NA,NA,NA,NA,NA,NA,NA,NA,NA,NA,NA,NA,NA,NA,NA,NA,NA,NA,NA,NA
474,"MTQ","Martinique",NA,NA,NA,NA,NA,NA,NA,NA,NA,NA,NA,NA,NA,NA,NA,NA,NA,NA,NA,NA,NA,NA,NA,NA,NA,NA,NA,NA,NA,NA,NA,NA,NA,NA,NA,NA,NA,NA,NA,NA,NA,NA,NA,NA,NA,NA,NA,NA,NA,NA,NA,NA,NA,NA,NA,NA,NA
478,"MRT","Mauritania",NA,NA,NA,NA,NA,NA,NA,NA,NA,NA,NA,NA,NA,NA,NA,NA,NA,NA,NA,NA,NA,NA,NA,NA,NA,NA,NA,NA,NA,NA,NA,NA,NA,NA,NA,NA,NA,NA,NA,NA,NA,NA,NA,NA,NA,NA,NA,NA,NA,NA,NA,NA,NA,NA,NA,NA,NA
480,"MUS","Mauritius",NA,NA,NA,NA,NA,NA,NA,NA,NA,NA,NA,NA,NA,NA,NA,NA,NA,NA,NA,NA,NA,NA,NA,NA,NA,NA,NA,NA,NA,NA,NA,NA,NA,NA,NA,NA,NA,NA,NA,NA,NA,NA,NA,NA,NA,NA,NA,NA,NA,NA,NA,NA,NA,NA,NA,NA,NA
175,"MYT","Mayotte",NA,NA,NA,NA,NA,NA,NA,NA,NA,NA,NA,NA,NA,NA,NA,NA,NA,NA,NA,NA,NA,NA,NA,NA,NA,NA,NA,NA,NA,NA,NA,NA,NA,NA,NA,NA,NA,NA,NA,NA,NA,NA,NA,NA,NA,NA,NA,NA,NA,NA,NA,NA,NA,NA,NA,NA,NA
484,"MEX","Mexico",NA,NA,NA,NA,NA,NA,NA,NA,NA,NA,NA,NA,NA,NA,NA,NA,NA,NA,NA,NA,NA,NA,NA,NA,-0.0142729,0.0940793,0.2954259,-0.042663,-0.1867738,0.0307093,0.2636458,-0.0709251,-0.0811951,-0.0651999,0.1028392,0.2638737,0.2272999,0.413168,0.3385121,0.2968196,-0.1508441,-0.0309154,0.0913769,0.133401,0.1661025,0.2005102,0.1905575,0.1835876,0.0417948,-0.0367304,0.100106,0.1218063,0.0974963,0.0950428,0.1031079,0.0960006,0.0918664
583,"FSM","Micronesia",NA,NA,NA,NA,NA,NA,NA,NA,NA,NA,NA,NA,NA,NA,NA,NA,NA,NA,NA,NA,NA,NA,NA,NA,NA,NA,NA,NA,NA,NA,NA,NA,NA,NA,NA,NA,NA,NA,NA,NA,NA,NA,NA,NA,NA,NA,NA,NA,NA,NA,NA,NA,NA,NA,NA,NA,NA
498,"MDA","Moldova",NA,NA,NA,NA,NA,NA,NA,NA,NA,NA,NA,NA,NA,NA,NA,NA,NA,NA,NA,NA,NA,NA,NA,NA,NA,NA,NA,NA,NA,NA,NA,NA,NA,NA,NA,NA,NA,NA,NA,NA,NA,NA,NA,NA,NA,NA,NA,NA,NA,NA,NA,NA,NA,NA,NA,NA,NA
492,"MCO","Monaco",NA,NA,NA,NA,NA,NA,NA,NA,NA,NA,NA,NA,NA,NA,NA,NA,NA,NA,NA,NA,NA,NA,NA,NA,NA,NA,NA,NA,NA,NA,NA,NA,NA,NA,NA,NA,NA,NA,NA,NA,NA,NA,NA,NA,NA,NA,NA,NA,NA,NA,NA,NA,NA,NA,NA,NA,NA
496,"MNG","Mongolia",NA,NA,NA,NA,NA,NA,NA,NA,NA,NA,NA,NA,NA,NA,NA,NA,NA,NA,NA,NA,NA,NA,NA,NA,NA,NA,NA,NA,NA,NA,NA,NA,NA,NA,NA,NA,NA,NA,NA,NA,NA,NA,NA,NA,NA,NA,NA,NA,NA,NA,NA,NA,NA,NA,NA,NA,NA
499,"MNE","Montenegro",NA,NA,NA,NA,NA,NA,NA,NA,NA,NA,NA,NA,NA,NA,NA,NA,NA,NA,NA,NA,NA,NA,NA,NA,NA,NA,NA,NA,NA,NA,NA,NA,NA,NA,NA,NA,NA,NA,NA,NA,NA,NA,NA,NA,NA,NA,NA,NA,NA,NA,NA,NA,NA,NA,NA,NA,NA
500,"MSR","Montserrat",NA,NA,NA,NA,NA,NA,NA,NA,NA,NA,NA,NA,NA,NA,NA,NA,NA,NA,NA,NA,NA,NA,NA,NA,NA,NA,NA,NA,NA,NA,NA,NA,NA,NA,NA,NA,NA,NA,NA,NA,NA,NA,NA,NA,NA,NA,NA,NA,NA,NA,NA,NA,NA,NA,NA,NA,NA
504,"MAR","Morocco",NA,NA,NA,NA,NA,NA,NA,NA,NA,NA,NA,NA,NA,NA,NA,NA,NA,NA,NA,NA,NA,NA,NA,NA,NA,NA,NA,NA,NA,NA,NA,NA,NA,NA,NA,NA,NA,NA,NA,NA,0.9792878,0.6616043,0.7278217,0.7318856,0.890117,0.6544854,0.5697597,0.6061209,0.6883091,0.7152188,0.5975471,0.5826025,0.4455324,0.5046369,0.4523309,NA,NA
508,"MOZ","Mozambique",NA,NA,NA,NA,NA,NA,NA,NA,NA,NA,NA,NA,NA,NA,NA,NA,NA,NA,NA,NA,NA,-0.4779559,-0.4560313,-0.3017093,-0.1432488,-0.2630549,-0.1905636,-0.1570194,-0.1953699,-0.4515378,-0.4926324,-0.5232254,-0.2811425,-0.1641513,-0.1399042,-0.0496161,-0.0227714,-0.0229767,-0.0145304,-0.0273271,0.0151071,0.0336196,0.0376002,0.0531572,0.0568453,0.0471166,0.0435429,0.0552506,0.0933883,0.0941379,0.1416831,0.0248392,0.0194207,0.038009,0.0452537,0.2390875,NA
104,"MMR","Myanmar",NA,NA,NA,NA,NA,NA,NA,NA,NA,NA,NA,NA,NA,NA,NA,NA,NA,NA,NA,NA,NA,NA,NA,NA,NA,NA,NA,NA,NA,NA,NA,NA,NA,NA,NA,NA,NA,NA,NA,NA,NA,NA,NA,NA,NA,NA,NA,NA,NA,NA,NA,NA,NA,NA,NA,NA,NA
516,"NAM","Namibia",NA,NA,NA,NA,NA,NA,NA,NA,NA,NA,NA,NA,NA,NA,NA,NA,NA,NA,NA,NA,NA,NA,NA,NA,NA,NA,NA,NA,NA,NA,NA,NA,NA,NA,NA,NA,NA,NA,NA,NA,NA,NA,NA,NA,NA,NA,NA,NA,NA,NA,NA,NA,NA,NA,NA,NA,NA
520,"NRU","Nauru",NA,NA,NA,NA,NA,NA,NA,NA,NA,NA,NA,NA,NA,NA,NA,NA,NA,NA,NA,NA,NA,NA,NA,NA,NA,NA,NA,NA,NA,NA,NA,NA,NA,NA,NA,NA,NA,NA,NA,NA,NA,NA,NA,NA,NA,NA,NA,NA,NA,NA,NA,NA,NA,NA,NA,NA,NA
524,"NPL","Nepal",NA,NA,NA,NA,NA,NA,NA,NA,NA,NA,NA,NA,NA,NA,NA,NA,NA,NA,NA,NA,NA,NA,NA,NA,NA,NA,NA,NA,NA,NA,NA,NA,NA,NA,NA,NA,NA,NA,NA,NA,NA,NA,NA,NA,NA,NA,NA,NA,NA,NA,NA,NA,NA,NA,NA,NA,NA
528,"NLD","Netherlands",NA,0.3754722,0.4832437,0.3928317,0.4747616,0.3620122,0.4996818,1.142254,0.9715723,0.9004953,1.057394,1.012498,0.998617,1.082268,1.042017,0.9508231,1.061397,0.9377664,0.5953108,0.4455822,0.669828,1.126739,0.9012432,0.8030208,0.9428722,0.7869427,1.032485,1.153176,1.348491,1.046248,0.9158437,1.035275,0.8782681,0.7239411,0.430726,0.4932455,0.6061472,0.5093208,0.5630586,0.4947296,0.4371321,0.3957027,0.4362273,0.5229059,0.6227841,0.4251903,0.3411699,0.4461762,0.4747278,0.4179307,0.2541004,0.2243134,0.1325223,0.1164901,0.1143428,0.0843299,0.0668314
530,"ANT","Netherlands Antilles",NA,NA,NA,NA,NA,NA,NA,NA,NA,NA,NA,NA,NA,NA,NA,NA,NA,NA,NA,NA,NA,NA,NA,NA,NA,NA,NA,NA,NA,NA,NA,NA,NA,NA,NA,NA,NA,NA,NA,NA,NA,NA,NA,NA,NA,NA,NA,NA,NA,NA,NA,NA,NA,NA,NA,NA,NA
540,"NCL","New Caledonia",NA,NA,NA,NA,NA,NA,NA,NA,NA,NA,NA,NA,NA,NA,NA,NA,NA,NA,NA,NA,NA,NA,NA,NA,NA,NA,NA,NA,NA,NA,NA,NA,NA,NA,NA,NA,NA,NA,NA,NA,NA,NA,NA,NA,NA,NA,NA,NA,NA,NA,NA,NA,NA,NA,NA,NA,NA
554,"NZL","New Zealand",0.0176572,0.0176572,0.0176572,0.0176572,0.0176572,0.0176572,0.0176572,0.0176572,0.0176572,0.0176572,0.0177482,0.018546,0.0224742,0.0203129,0.017858,0.0430176,0.0480256,0.0480759,0.0545606,0.0574229,0.219579,0.1232939,0.123835,0.1242403,0.204003,0.2430293,0.2223614,0.2995411,0.3800811,0.2990193,0.3208975,0.2576393,0.2334309,0.1475776,0.0856409,0.0639472,0.0312382,0.0253681,0.022747,0.0272784,0.03356,0.0259504,0.0273709,0.0214999,0.0234695,0.0161702,0.0154624,0.0217605,0.0315936,0.0351092,0.0323305,0.0057877,0.0076292,0.0058759,0.0043981,0.0055691,0.0079534
558,"NIC","Nicaragua",NA,NA,NA,NA,NA,NA,NA,NA,NA,NA,NA,NA,NA,NA,NA,NA,NA,NA,NA,NA,NA,NA,NA,NA,NA,NA,NA,NA,NA,NA,NA,NA,NA,NA,NA,NA,-0.0534423,-0.0216873,0.0521068,-0.1034174,-0.0877294,-0.1484913,-0.1518003,-0.1174261,-0.0604564,-0.0083161,-0.0439867,-0.0342385,-0.0882826,-0.0141863,-0.0849133,-0.1741043,-0.2698793,-0.262655,-0.1258699,-0.1230116,NA
562,"NER","Niger",NA,NA,NA,NA,NA,NA,NA,NA,NA,NA,NA,NA,NA,NA,NA,NA,NA,NA,NA,NA,NA,NA,NA,NA,NA,NA,NA,NA,NA,NA,NA,NA,NA,NA,NA,NA,NA,NA,NA,NA,NA,NA,NA,NA,NA,NA,NA,NA,NA,NA,NA,NA,NA,NA,NA,NA,NA
566,"NGA","Nigeria",NA,NA,NA,NA,NA,NA,0.2271701,0.2647195,0.1575438,0.1776618,0.1500283,0.2026294,0.0663056,0.1216837,0.053797,-0.02744,0.0782036,0.1355567,0.0898998,0.0594205,0.1289032,0.1804877,-0.0451875,-0.0152723,0.0679971,0.1534999,0.1819061,0.2575692,-0.1160819,-0.00818,0.0252075,0.051265,0.2006933,0.0884306,0.0427605,0.0214256,0.1384465,-0.0247923,-0.0805565,0.1407991,0.0333608,-0.0609501,0.0057183,0.0244839,0.0195853,-0.0534788,-0.0295226,-0.051759,-0.0874999,-0.0490618,0.0267369,0.0374922,-0.1270587,-0.0317052,0.2218915,-0.0081951,NA
570,"NIU","Niue",NA,NA,NA,NA,NA,NA,NA,NA,NA,NA,NA,NA,NA,NA,NA,NA,NA,NA,NA,NA,NA,NA,NA,NA,NA,NA,NA,NA,NA,NA,NA,NA,NA,NA,NA,NA,NA,NA,NA,NA,NA,NA,NA,NA,NA,NA,NA,NA,NA,NA,NA,NA,NA,NA,NA,NA,NA
574,"NFK","Norfolk Island",NA,NA,NA,NA,NA,NA,NA,NA,NA,NA,NA,NA,NA,NA,NA,NA,NA,NA,NA,NA,NA,NA,NA,NA,NA,NA,NA,NA,NA,NA,NA,NA,NA,NA,NA,NA,NA,NA,NA,NA,NA,NA,NA,NA,NA,NA,NA,NA,NA,NA,NA,NA,NA,NA,NA,NA,NA
408,"PRK","North Korea",NA,NA,NA,NA,NA,NA,NA,NA,NA,NA,NA,NA,NA,NA,NA,NA,NA,NA,NA,NA,NA,NA,NA,NA,NA,NA,NA,NA,NA,NA,NA,NA,NA,NA,NA,NA,NA,NA,NA,NA,NA,NA,NA,NA,NA,NA,NA,NA,NA,NA,NA,NA,NA,NA,NA,NA,NA
580,"MNP","Northern Mariana Islands",NA,NA,NA,NA,NA,NA,NA,NA,NA,NA,NA,NA,NA,NA,NA,NA,NA,NA,NA,NA,NA,NA,NA,NA,NA,NA,NA,NA,NA,NA,NA,NA,NA,NA,NA,NA,NA,NA,NA,NA,NA,NA,NA,NA,NA,NA,NA,NA,NA,NA,NA,NA,NA,NA,NA,NA,NA
578,"NOR","Norway",NA,NA,NA,NA,NA,NA,NA,NA,NA,NA,NA,NA,NA,NA,NA,NA,NA,NA,NA,NA,NA,NA,NA,NA,2.050314,1.683424,1.682064,1.734778,1.72794,1.665141,2.514666,3.188778,3.012024,2.303885,1.954162,2.639953,2.671229,2.218595,2.17323,2.043244,1.58559,1.548082,1.808645,2.270695,2.323187,1.683957,1.563213,2.227114,1.556,1.240394,1.205641,1.223447,0.630662,0.7530653,0.937641,0.9454867,0.7844854
512,"OMN","Oman",NA,NA,NA,NA,NA,NA,NA,NA,NA,NA,NA,NA,NA,NA,NA,NA,NA,NA,NA,NA,NA,NA,NA,NA,NA,NA,NA,NA,NA,NA,NA,NA,NA,NA,NA,NA,NA,NA,NA,NA,NA,NA,NA,NA,NA,NA,NA,NA,NA,NA,NA,NA,NA,NA,NA,NA,NA
586,"PAK","Pakistan",NA,NA,NA,NA,NA,NA,NA,0.0479183,0.0442339,-0.1129488,0.1067384,0.1208955,0.1674758,0.1561819,0.2155596,0.3323954,0.3490703,0.3047206,-0.3603616,-0.2858312,-0.1354344,-0.105908,-0.0787415,-0.0289899,-0.0749983,-0.1408504,-0.1500847,0.0463754,-0.0537641,-0.0240041,-0.0434716,-0.0348826,-0.0097321,-0.0026885,-0.1087636,-0.2164025,-0.0913863,-0.0117222,0.0007334,-0.026359,-0.0329861,-0.0453524,-0.09734,0.0072287,0.0870452,0.1232836,0.0077194,-0.0506029,-0.0166902,-0.0058995,-0.0124454,-0.0507075,-0.1305092,-0.1866426,-0.0526344,-0.0386803,NA
585,"PLW","Palau",NA,NA,NA,NA,NA,NA,NA,NA,NA,NA,NA,NA,NA,NA,NA,NA,NA,NA,NA,NA,NA,NA,NA,NA,NA,NA,NA,NA,NA,NA,NA,NA,NA,NA,NA,NA,NA,NA,NA,NA,NA,NA,NA,NA,NA,NA,NA,NA,NA,NA,NA,NA,NA,NA,NA,NA,NA
591,"PAN","Panama",NA,NA,NA,NA,NA,NA,NA,NA,NA,NA,NA,NA,NA,NA,NA,NA,NA,NA,NA,NA,NA,NA,NA,NA,NA,NA,NA,NA,NA,NA,NA,NA,NA,NA,NA,NA,NA,NA,NA,NA,NA,NA,NA,NA,NA,NA,NA,NA,NA,NA,NA,NA,NA,NA,NA,NA,NA
598,"PNG","Papua New Guinea",NA,NA,NA,NA,NA,NA,NA,NA,NA,NA,NA,NA,NA,NA,NA,NA,NA,NA,NA,NA,NA,NA,NA,NA,NA,NA,NA,NA,NA,NA,NA,NA,NA,NA,NA,NA,NA,NA,NA,NA,NA,NA,NA,NA,NA,NA,NA,NA,NA,NA,NA,NA,NA,NA,NA,NA,NA
600,"PRY","Paraguay",NA,NA,NA,NA,NA,NA,NA,NA,NA,NA,NA,NA,NA,NA,NA,NA,NA,NA,NA,NA,NA,NA,NA,NA,NA,NA,NA,NA,NA,NA,NA,NA,NA,NA,NA,NA,NA,NA,NA,NA,NA,NA,NA,NA,NA,NA,NA,NA,NA,NA,NA,NA,NA,NA,NA,NA,NA
604,"PER","Peru",NA,NA,NA,NA,NA,NA,NA,NA,NA,NA,NA,NA,NA,NA,NA,NA,NA,NA,NA,NA,NA,NA,NA,NA,NA,NA,NA,NA,NA,NA,NA,NA,NA,NA,NA,NA,NA,NA,NA,NA,NA,NA,NA,NA,NA,NA,NA,NA,NA,NA,NA,NA,NA,NA,NA,NA,NA
608,"PHL","Philippines",NA,NA,NA,NA,NA,NA,NA,-0.1095827,-0.0639054,0.0154201,0.141469,0.1894529,0.1346872,0.1214345,0.1322659,0.0419418,0.2106335,0.0391227,-0.2667247,-0.282343,-0.1948654,-0.0358885,0.0153189,-0.0849832,-0.054104,-0.1309644,-0.1139354,0.1078078,-0.0207621,0.1056895,0.2363371,0.2182195,0.2283672,0.1111293,0.1409968,0.1390056,0.0829735,0.2100385,0.283008,0.2077539,0.3129128,0.410954,0.3887074,0.1704541,0.3621912,0.3417301,0.318279,0.2429624,0.1366345,0.0587347,-0.1265662,0.0089785,0.1450052,-0.0161513,0.0599835,0.2164762,NA
612,"PCN","Pitcairn",NA,NA,NA,NA,NA,NA,NA,NA,NA,NA,NA,NA,NA,NA,NA,NA,NA,NA,NA,NA,NA,NA,NA,NA,NA,NA,NA,NA,NA,NA,NA,NA,NA,NA,NA,NA,NA,NA,NA,NA,NA,NA,NA,NA,NA,NA,NA,NA,NA,NA,NA,NA,NA,NA,NA,NA,NA
616,"POL","Poland",NA,NA,NA,NA,NA,NA,NA,NA,NA,NA,NA,NA,NA,NA,NA,NA,NA,NA,NA,NA,NA,NA,NA,NA,NA,NA,NA,NA,NA,NA,NA,NA,NA,NA,NA,NA,NA,-0.0173623,0.1426351,0.1845994,0.0921403,0.1743442,0.1796483,0.3415671,0.2682964,0.1265905,0.0952974,0.0744013,-0.0155985,0.5958541,0.3142953,0.2782744,0.1959624,0.1221554,0.1264012,0.0944035,0.0707729
620,"PRT","Portugal",NA,-0.0656601,-0.0676552,-0.0417747,-0.0466647,0.0787431,0.0547058,0.0191666,0.031141,0.0114691,0.0455354,0.0398316,0.0690218,0.0768115,0.0934008,0.0719337,0.1070716,0.1231633,0.0209641,0.1202082,0.2548216,0.1968462,0.2187851,0.2688991,0.2651184,0.2391593,0.1667236,0.1074233,0.1126155,0.1066699,0.0634577,0.6012803,0.6135092,0.5682741,0.3340243,0.3544975,0.43752,0.409454,0.4222583,0.3716724,0.3218033,0.2525342,0.2811843,0.3045981,0.3544646,0.2520111,0.2352619,0.2766689,0.2938949,0.2742627,0.161122,0.1518074,0.1179136,0.1145681,0.0997617,0.084098,0.0582273
630,"PRI","Puerto Rico",NA,NA,NA,NA,NA,NA,NA,NA,NA,NA,NA,NA,NA,NA,NA,NA,NA,NA,NA,NA,NA,NA,NA,NA,NA,NA,NA,NA,NA,NA,NA,NA,NA,NA,NA,NA,NA,NA,NA,NA,NA,NA,NA,NA,NA,NA,NA,NA,NA,NA,NA,NA,NA,NA,NA,NA,NA
634,"QAT","Qatar",NA,NA,NA,NA,NA,NA,NA,NA,NA,NA,NA,NA,NA,NA,NA,NA,NA,NA,NA,NA,NA,NA,NA,NA,NA,NA,NA,NA,NA,NA,NA,NA,NA,NA,NA,NA,NA,NA,NA,NA,NA,NA,NA,NA,NA,NA,NA,NA,NA,NA,NA,NA,NA,NA,NA,NA,NA
638,"REU","Reunion",NA,NA,NA,NA,NA,NA,NA,NA,NA,NA,NA,NA,NA,NA,NA,NA,NA,NA,NA,NA,NA,NA,NA,NA,NA,NA,NA,NA,NA,NA,NA,NA,NA,NA,NA,NA,NA,NA,NA,NA,NA,NA,NA,NA,NA,NA,NA,NA,NA,NA,NA,NA,NA,NA,NA,NA,NA
642,"ROU","Romania",NA,NA,NA,NA,NA,NA,NA,NA,NA,NA,NA,NA,NA,NA,NA,NA,NA,NA,NA,NA,NA,NA,NA,NA,NA,NA,NA,NA,NA,NA,NA,NA,NA,NA,NA,NA,NA,0.1108256,0.3282013,0.2978495,0.1571549,0.1841616,0.0460638,0.5834847,0.3358355,0.3355913,0.683652,0.4967746,0.6054151,0.6918248,0.8199148,0.3856957,0.1092387,0.0497973,0.0565316,0.0331042,0.0180988
643,"RUS","Russia",NA,NA,NA,NA,NA,NA,NA,NA,NA,NA,NA,NA,NA,NA,NA,NA,NA,NA,NA,NA,NA,NA,NA,NA,NA,NA,NA,NA,NA,NA,NA,NA,NA,NA,NA,NA,NA,-0.4452024,-0.1970616,0.0860567,0.2436591,0.2903327,0.4189225,0.2634836,0.0107305,0.0337971,0.1671644,0.194602,0.1359163,0.2485303,0.1278369,0.2078691,0.1760097,0.2409188,0.2400142,0.1722584,NA
646,"RWA","Rwanda",NA,NA,NA,NA,NA,NA,NA,NA,NA,NA,NA,NA,NA,NA,NA,NA,NA,NA,NA,NA,NA,NA,NA,NA,NA,NA,NA,NA,NA,NA,NA,NA,NA,NA,NA,NA,NA,NA,NA,NA,NA,NA,NA,NA,NA,NA,NA,NA,NA,NA,NA,NA,NA,NA,NA,NA,NA
654,"SHN","Saint Helena",NA,NA,NA,NA,NA,NA,NA,NA,NA,NA,NA,NA,NA,NA,NA,NA,NA,NA,NA,NA,NA,NA,NA,NA,NA,NA,NA,NA,NA,NA,NA,NA,NA,NA,NA,NA,NA,NA,NA,NA,NA,NA,NA,NA,NA,NA,NA,NA,NA,NA,NA,NA,NA,NA,NA,NA,NA
659,"KNA","Saint Kitts and Nevis",NA,NA,NA,NA,NA,NA,NA,NA,NA,NA,NA,NA,NA,NA,NA,NA,NA,NA,NA,NA,NA,NA,NA,NA,NA,NA,NA,NA,NA,NA,NA,NA,NA,NA,NA,NA,NA,NA,NA,NA,NA,NA,NA,NA,NA,NA,NA,NA,NA,NA,NA,NA,NA,NA,NA,NA,NA
662,"LCA","Saint Lucia",NA,NA,NA,NA,NA,NA,NA,NA,NA,NA,NA,NA,NA,NA,NA,NA,NA,NA,NA,NA,NA,NA,NA,NA,NA,NA,NA,NA,NA,NA,NA,NA,NA,NA,NA,NA,NA,NA,NA,NA,NA,NA,NA,NA,NA,NA,NA,NA,NA,NA,NA,NA,NA,NA,NA,NA,NA
666,"SPM","Saint Pierre and Miquelon",NA,NA,NA,NA,NA,NA,NA,NA,NA,NA,NA,NA,NA,NA,NA,NA,NA,NA,NA,NA,NA,NA,NA,NA,NA,NA,NA,NA,NA,NA,NA,NA,NA,NA,NA,NA,NA,NA,NA,NA,NA,NA,NA,NA,NA,NA,NA,NA,NA,NA,NA,NA,NA,NA,NA,NA,NA
670,"VCT","Saint Vincent and the Grenadines",NA,NA,NA,NA,NA,NA,NA,NA,NA,NA,NA,NA,NA,NA,NA,NA,NA,NA,NA,NA,NA,NA,NA,NA,NA,NA,NA,NA,NA,NA,NA,NA,NA,NA,NA,NA,NA,NA,NA,NA,NA,NA,NA,NA,NA,NA,NA,NA,NA,NA,NA,NA,NA,NA,NA,NA,NA
882,"WSM","Samoa",NA,NA,NA,NA,NA,NA,NA,NA,NA,NA,NA,NA,NA,NA,NA,NA,NA,NA,NA,NA,NA,NA,NA,NA,NA,NA,NA,NA,NA,NA,NA,NA,NA,NA,NA,NA,NA,NA,NA,NA,NA,NA,NA,NA,NA,NA,NA,NA,NA,NA,NA,NA,NA,NA,NA,NA,NA
674,"SMR","San Marino",NA,NA,NA,NA,NA,NA,NA,NA,NA,NA,NA,NA,NA,NA,NA,NA,NA,NA,NA,NA,NA,NA,NA,NA,NA,NA,NA,NA,NA,NA,NA,NA,NA,NA,NA,NA,NA,NA,NA,NA,NA,NA,NA,NA,NA,NA,NA,NA,NA,NA,NA,NA,NA,NA,NA,NA,NA
678,"STP","Sao Tome and Principe",NA,NA,NA,NA,NA,NA,NA,NA,NA,NA,NA,NA,NA,NA,NA,NA,NA,NA,NA,NA,NA,NA,NA,NA,NA,NA,NA,NA,NA,NA,NA,NA,NA,NA,NA,NA,NA,NA,NA,NA,NA,NA,NA,NA,NA,NA,NA,NA,NA,NA,NA,NA,NA,NA,NA,NA,NA
682,"SAU","Saudi Arabia",NA,NA,NA,NA,NA,NA,NA,NA,NA,NA,NA,NA,NA,NA,NA,NA,NA,NA,NA,NA,NA,NA,NA,NA,NA,NA,NA,NA,NA,NA,NA,NA,NA,NA,NA,NA,NA,NA,NA,NA,NA,NA,NA,NA,NA,NA,NA,NA,NA,NA,NA,NA,NA,NA,NA,NA,NA
686,"SEN","Senegal",NA,NA,NA,NA,NA,NA,-0.1178428,-0.0890776,-0.0952188,-0.0686028,-0.0636897,-0.0698736,-0.0532766,-0.0305096,-0.1433814,-0.1362726,-0.149477,-0.1769358,-0.2963979,-0.3624752,-0.2400571,-0.1959133,-0.1560496,-0.2706016,-0.2743553,-0.295696,-0.3687415,-0.0306619,-0.1092359,-0.2193998,-0.1038598,0.0474811,0.2061002,0.1013444,-0.0156085,0.0501989,0.040959,0.1367474,0.2259973,-0.1724765,-0.0749018,-0.0467829,-0.0747398,-0.0115486,-0.0978632,-0.1603351,-0.1485729,-0.0436665,0.0050081,-0.0279419,0.1596704,NA,NA,NA,NA,NA,NA
688,"SRB","Serbia",NA,NA,NA,NA,NA,NA,NA,NA,NA,NA,NA,NA,NA,NA,NA,NA,NA,NA,NA,NA,NA,NA,NA,NA,NA,NA,NA,NA,NA,NA,NA,NA,NA,NA,NA,NA,NA,NA,NA,NA,NA,NA,NA,NA,NA,NA,NA,NA,NA,NA,NA,NA,NA,NA,NA,NA,NA
690,"SYC","Seychelles",NA,NA,NA,NA,NA,NA,NA,NA,NA,NA,NA,NA,NA,NA,NA,NA,NA,NA,NA,NA,NA,NA,NA,NA,NA,NA,NA,NA,NA,NA,NA,NA,NA,NA,NA,NA,NA,NA,NA,NA,NA,NA,NA,NA,NA,NA,NA,NA,NA,NA,NA,NA,NA,NA,NA,NA,NA
694,"SLE","Sierra Leone",NA,NA,NA,NA,NA,NA,NA,NA,NA,NA,NA,NA,NA,NA,NA,NA,NA,NA,NA,NA,NA,NA,NA,NA,NA,NA,NA,NA,NA,NA,NA,NA,NA,NA,NA,NA,NA,NA,NA,NA,NA,NA,NA,NA,NA,NA,NA,NA,NA,NA,NA,NA,NA,NA,NA,NA,NA
702,"SGP","Singapore",NA,NA,NA,NA,NA,NA,NA,NA,NA,NA,NA,NA,NA,NA,NA,NA,NA,NA,NA,NA,NA,NA,NA,NA,NA,NA,NA,NA,NA,NA,NA,NA,NA,NA,NA,NA,NA,NA,NA,NA,NA,NA,NA,NA,NA,NA,NA,NA,NA,NA,NA,NA,NA,NA,NA,NA,NA
703,"SVK","Slovakia",NA,NA,NA,NA,NA,NA,NA,NA,NA,NA,NA,NA,NA,NA,NA,NA,NA,NA,NA,NA,NA,NA,NA,NA,NA,NA,NA,NA,NA,NA,NA,NA,NA,NA,NA,NA,NA,0.3012099,0.3527439,0.2950411,0.1682382,0.0693914,0.1908621,0.4261327,0.3629086,0.3502122,0.2012655,0.2970055,0.3507442,0.344796,0.2517361,0.2131143,0.1227644,0.0766428,0.0850779,0.0650318,0.0462501
705,"SVN","Slovenia",NA,NA,NA,NA,NA,NA,NA,NA,NA,NA,NA,NA,NA,NA,NA,NA,NA,NA,NA,NA,NA,NA,NA,NA,NA,NA,NA,NA,NA,NA,NA,NA,NA,NA,NA,NA,NA,0.6768072,0.6011465,0.613337,0.6550632,0.5090663,0.6311287,0.9538611,1.055542,0.7645743,0.712048,0.7950889,0.920099,0.5137406,0.4190169,0.3520865,0.1858054,0.1272412,0.1419936,0.0878524,0.0662143
90,"SLB","Solomon Islands",NA,NA,NA,NA,NA,NA,NA,NA,NA,NA,NA,NA,NA,NA,NA,NA,NA,NA,NA,NA,NA,NA,NA,NA,NA,NA,NA,NA,NA,NA,NA,NA,NA,NA,NA,NA,NA,NA,NA,NA,NA,NA,NA,NA,NA,NA,NA,NA,NA,NA,NA,NA,NA,NA,NA,NA,NA
706,"SOM","Somalia",NA,NA,NA,NA,NA,NA,NA,NA,NA,NA,NA,NA,NA,NA,NA,NA,NA,NA,NA,NA,NA,NA,NA,NA,NA,NA,NA,NA,NA,NA,NA,NA,NA,NA,NA,NA,NA,NA,NA,NA,NA,NA,NA,NA,NA,NA,NA,NA,NA,NA,NA,NA,NA,NA,NA,NA,NA
710,"ZAF","South Africa",NA,NA,0.293131,NA,NA,NA,0.0208608,0.1010828,0.0360128,0.0055373,0.0261072,0.0810212,0.0940266,0.1491008,0.118693,0.0307096,0.0483256,0.0790632,-0.0251673,-0.1695103,-0.0609973,-0.0078037,0.1001498,0.1037375,0.0563088,0.1309884,0.2255789,0.3274061,0.3268941,0.134616,-0.0344609,0.1490751,0.3029394,0.1191997,0.0480088,0.0955818,0.103254,0.054132,0.0732893,0.2130743,0.1282359,0.0896627,0.1375247,-0.052346,-0.0157551,0.0519524,-0.0670934,-0.0432779,0.0381913,0.0170532,0.1289859,0.0530308,0.0342089,0.0240251,0.00337,0.0043799,NA
410,"KOR","South Korea",-0.2831113,-0.0168302,0.1714804,0.0216059,-0.0519056,0.0055668,-0.2666346,-0.2321662,0.2695801,0.421641,0.1262976,0.0591728,0.0770329,0.1542103,0.2541929,0.4795055,0.6116811,0.716786,0.1845928,-0.2064742,0.1043795,0.4760807,0.5929443,0.6577983,0.9879286,0.8001599,0.9032463,0.9673106,0.9352615,0.8972039,1.014287,1.26936,1.2648,1.407355,1.449225,1.605071,1.507931,1.489842,1.613705,1.776071,1.576057,1.243873,1.369478,1.111658,1.550407,1.378942,1.270772,1.387014,1.458051,1.587558,1.084837,1.138717,0.9788895,0.5768707,0.7379483,0.5225837,0.7412414
724,"ESP","Spain",NA,0.0822645,0.1195125,0.1559527,0.1581743,0.1860443,0.2000117,0.184614,0.0889053,0.0264978,0.0944632,0.081167,0.0771836,0.170706,0.1535815,0.0551624,0.1313588,0.0054995,-0.1390411,-0.1737039,-0.0042205,-0.0214804,-0.0782579,-0.0597688,-0.0568813,-0.1525069,-0.116158,-0.0195808,0.1378844,0.1269319,0.2280216,0.7837632,0.7935618,0.6380332,0.3730469,0.4445762,0.5576841,0.4304248,0.4693636,0.4176024,0.3550282,0.2452448,0.2574983,0.3447011,0.4099918,0.2509396,0.2474351,0.2676216,0.2886908,0.2633189,0.1664256,0.1516052,0.1225328,0.1019376,0.095371,0.0753824,0.0510223
144,"LKA","Sri Lanka",-0.0710917,-0.0103289,-0.0134163,0.0171454,-0.0374379,-0.1271683,-0.1774134,-0.2551911,-0.2658195,-0.3120206,-0.3186884,-0.3722828,-0.2619797,-0.1652884,-0.1060826,-0.1479594,-0.0944436,-0.2410147,-0.0381109,-0.2947705,-0.2494997,-0.2877548,-0.0537996,-0.3088678,-0.3741387,-0.255395,-0.1117837,-0.0773446,-0.1072627,-0.1251268,-0.0429487,0.0637308,-0.059171,-0.2891047,-0.1695163,-0.1270875,-0.0739506,-0.0446044,0.0838468,0.0999969,0.1089046,0.0287149,0.139112,0.1551091,0.1784007,0.1122405,0.1921452,0.168669,0.036775,-0.0167576,0.0021283,-0.1002985,-0.0362517,-0.1403452,-0.0722777,-0.148839,NA
275,"PSE","State of Palestine",NA,NA,NA,NA,NA,NA,NA,NA,NA,NA,NA,NA,NA,NA,NA,NA,NA,NA,NA,NA,NA,NA,NA,NA,NA,NA,NA,NA,NA,NA,NA,NA,NA,NA,NA,NA,NA,NA,NA,NA,NA,NA,NA,NA,NA,NA,NA,NA,NA,NA,NA,NA,NA,NA,NA,NA,NA
736,"SDN","Sudan",-0.1265377,-0.0921018,-0.0935386,-0.1234795,-0.15117,-0.1710557,-0.1662717,-0.1668103,-0.2087105,-0.305239,-0.2694981,-0.2836196,-0.346217,-0.3161353,-0.3743279,-0.4266585,-0.4182816,-0.3798313,-0.4593126,-0.4879012,-0.3501314,-0.2299638,-0.2375991,-0.1521021,-0.2467463,-0.3201857,-0.1838218,-0.3550352,-0.3372663,-0.2684447,-0.2518427,-0.3894725,-0.3813709,-0.2744658,-0.4727494,-0.2089728,-0.2630772,-0.6944379,-0.6910676,-0.5319983,-0.3159239,-0.4428092,-0.2528727,-0.1896189,-0.0253118,-0.0550697,-0.2646952,-0.0794882,-0.1222841,-0.0750054,0.4738769,-0.4408529,0.1615212,0.222195,0.0980223,-0.0024265,NA
740,"SUR","Suriname",NA,NA,NA,NA,NA,NA,NA,NA,NA,NA,NA,NA,NA,NA,NA,NA,NA,NA,NA,NA,NA,NA,NA,NA,NA,NA,NA,NA,NA,NA,NA,NA,NA,NA,NA,NA,NA,NA,NA,NA,NA,NA,NA,NA,NA,NA,NA,NA,NA,NA,NA,NA,NA,NA,NA,NA,NA
744,"SJM","Svalbard and Jan Mayen Islands",NA,NA,NA,NA,NA,NA,NA,NA,NA,NA,NA,NA,NA,NA,NA,NA,NA,NA,NA,NA,NA,NA,NA,NA,NA,NA,NA,NA,NA,NA,NA,NA,NA,NA,NA,NA,NA,NA,NA,NA,NA,NA,NA,NA,NA,NA,NA,NA,NA,NA,NA,NA,NA,NA,NA,NA,NA
748,"SWZ","Swaziland",NA,NA,NA,NA,NA,NA,NA,NA,NA,NA,NA,NA,NA,NA,NA,NA,NA,NA,NA,NA,NA,NA,NA,NA,NA,NA,NA,NA,NA,NA,NA,NA,NA,NA,NA,NA,NA,NA,NA,NA,NA,NA,NA,NA,NA,NA,NA,NA,NA,NA,NA,NA,NA,NA,NA,NA,NA
752,"SWE","Sweden",NA,0.6754991,0.9025943,0.8740097,1.009326,0.8453277,1.165059,1.357725,1.238173,1.061553,1.15292,1.186063,1.150989,1.287407,1.225524,0.9830898,1.073487,0.864271,0.5505956,0.3895436,0.6660928,0.7506874,0.8139168,0.9880165,1.030195,0.6605487,0.7399537,0.8178607,0.9416473,0.7775196,0.8227895,1.083483,1.097152,0.817318,0.6791238,0.9148329,1.127763,0.946386,0.7454357,0.6465464,0.3973873,0.3503796,0.3960867,0.5755184,0.6999971,0.4340397,0.3454673,0.430987,0.4439892,0.3900901,0.2421024,0.2110436,0.1059196,0.0911336,0.098532,0.0681612,0.0511341
756,"CHE","Switzerland",NA,NA,NA,NA,NA,NA,NA,NA,NA,NA,NA,NA,NA,NA,NA,NA,NA,NA,NA,NA,NA,NA,NA,NA,2.839891,2.448855,2.10244,2.288095,2.810984,2.890452,3.040225,3.929261,4.15068,4.180066,2.171525,3.320252,3.295232,2.090408,2.800363,2.740583,1.767144,1.950641,1.949309,2.141916,2.228661,1.856689,1.554366,1.859499,1.595272,1.365861,1.329543,0.9761721,0.4810579,0.6463255,0.7426704,0.522881,0.5326183
760,"SYR","Syria",NA,NA,NA,NA,NA,NA,NA,NA,NA,NA,NA,NA,NA,NA,NA,NA,NA,NA,NA,NA,NA,NA,NA,NA,NA,NA,NA,NA,NA,NA,NA,NA,NA,NA,NA,NA,NA,NA,NA,NA,NA,NA,NA,NA,NA,NA,NA,NA,NA,NA,NA,NA,NA,NA,NA,NA,NA
999,"TWN","Taiwan",-0.2234859,-0.0331962,0.0028233,-0.2009641,-0.1431621,-0.0132522,0.0403818,0.0096275,0.0807853,0.061565,0.0737296,0.0526718,0.0076339,0.0100799,0.0067996,0.0985231,0.1369921,0.1559419,0.0715852,0.0001044,0.0736982,0.1027668,0.0660328,0.0423057,0.0687643,0.1191783,0.1096774,0.1446202,0.1872132,0.1849603,0.1982981,0.2314545,0.2632172,0.2834642,0.3791345,1.21,0.93,1.15,1.26,1.4,1.31,1.26,1.13,1.28,2.12,2.02,1.69,1.64,1.27,1.43,0.51,0.49,0.47,0.3,0.45,0.52,0.23
762,"TJK","Tajikistan",NA,NA,NA,NA,NA,NA,NA,NA,NA,NA,NA,NA,NA,NA,NA,NA,NA,NA,NA,NA,NA,NA,NA,NA,NA,NA,NA,NA,NA,NA,NA,NA,NA,NA,NA,NA,NA,NA,NA,NA,NA,NA,NA,NA,NA,NA,NA,NA,NA,NA,NA,NA,NA,NA,NA,NA,NA
834,"TZA","Tanzania",NA,NA,NA,NA,NA,NA,NA,NA,NA,NA,NA,NA,NA,NA,NA,NA,NA,NA,NA,NA,NA,-0.3589508,-0.4462602,-0.4018275,-0.4649048,-0.5682348,-0.5180693,-0.4629907,-0.6351891,-0.629594,-0.3465522,-0.513031,-0.4671253,-0.4957344,-0.4437916,-0.5015374,-0.4355238,-0.1704822,-0.0641142,-0.0880006,-0.2402674,-0.1353007,-0.1469074,-0.2892817,-0.3469827,-0.1741633,-0.1452569,-0.0768355,-0.0559038,-0.1700836,-0.0694639,0.1210012,-0.1995721,-0.0848886,0.0500994,0.034288,NA
764,"THA","Thailand",NA,NA,NA,NA,NA,NA,NA,NA,NA,NA,NA,NA,NA,NA,NA,-0.1530612,-0.1610697,-0.1924752,-0.2100084,-0.2986856,-0.2261983,-0.1044887,-0.1046024,-0.1847415,-0.0821647,-0.0131861,-0.0824339,-0.0360646,0.0611284,-0.0317515,-0.1127429,-0.0883606,-0.067191,-0.0027823,-0.0393575,-0.0350941,-0.0684487,-0.0187184,-0.0926542,-0.0723165,0.0680253,0.0622831,-0.0690825,-0.01879,0.0405428,-0.0302621,-0.0380138,0.0608749,0.0039478,-0.0037823,-0.0039025,-0.0392824,0.1354869,-0.09531,0.0802066,0.0801803,NA
626,"TLS","Timor-Leste",NA,NA,NA,NA,NA,NA,NA,NA,NA,NA,NA,NA,NA,NA,NA,NA,NA,NA,NA,NA,NA,NA,NA,NA,NA,NA,NA,NA,NA,NA,NA,NA,NA,NA,NA,NA,NA,NA,NA,NA,NA,NA,NA,NA,NA,NA,NA,NA,NA,NA,NA,NA,NA,NA,NA,NA,NA
768,"TGO","Togo",NA,NA,NA,NA,NA,NA,NA,NA,NA,NA,NA,NA,NA,NA,NA,-0.0009226,-0.0020664,-0.0020115,-0.0077168,-0.0030855,-0.0030022,-0.0058644,-0.0009947,-0.0046522,-0.0057175,-0.0078763,-0.0044684,-0.0106424,-0.0158,-0.021948,-0.0004417,-0.0024879,-0.0077206,-0.0069015,-0.019433,-0.015162,-0.0050091,0.0019424,-0.0077398,-0.0721265,-0.0251771,-0.0223522,-0.0211147,-0.0047126,-0.0009102,-0.0136859,0.0034707,-0.0097146,-0.01569,0.002448,-0.0008606,-0.0465898,-0.0593163,-0.0392551,-0.0239644,-0.0428549,NA
772,"TKL","Tokelau",NA,NA,NA,NA,NA,NA,NA,NA,NA,NA,NA,NA,NA,NA,NA,NA,NA,NA,NA,NA,NA,NA,NA,NA,NA,NA,NA,NA,NA,NA,NA,NA,NA,NA,NA,NA,NA,NA,NA,NA,NA,NA,NA,NA,NA,NA,NA,NA,NA,NA,NA,NA,NA,NA,NA,NA,NA
776,"TON","Tonga",NA,NA,NA,NA,NA,NA,NA,NA,NA,NA,NA,NA,NA,NA,NA,NA,NA,NA,NA,NA,NA,NA,NA,NA,NA,NA,NA,NA,NA,NA,NA,NA,NA,NA,NA,NA,NA,NA,NA,NA,NA,NA,NA,NA,NA,NA,NA,NA,NA,NA,NA,NA,NA,NA,NA,NA,NA
780,"TTO","Trinidad and Tobago",NA,NA,NA,NA,NA,NA,NA,NA,NA,NA,NA,NA,NA,NA,NA,NA,NA,NA,NA,NA,NA,NA,NA,NA,NA,NA,NA,NA,NA,NA,NA,NA,NA,NA,NA,NA,NA,NA,NA,NA,NA,NA,NA,NA,NA,NA,NA,NA,NA,NA,NA,NA,NA,NA,NA,NA,NA
788,"TUN","Tunisia",NA,NA,NA,NA,NA,NA,NA,NA,NA,NA,NA,NA,NA,NA,NA,NA,NA,NA,NA,NA,NA,NA,NA,NA,NA,NA,NA,NA,NA,NA,NA,NA,NA,NA,NA,NA,NA,NA,NA,NA,NA,NA,NA,NA,NA,NA,NA,NA,NA,NA,NA,NA,NA,NA,NA,NA,NA
792,"TUR","Turkey",NA,NA,NA,NA,NA,NA,-0.2594989,-0.1319806,-0.1223213,-0.2439164,-0.1311562,0.0056874,-0.2343329,-0.3540338,-0.183482,0.1150395,-0.0772523,-0.058784,-0.1796491,-0.0508346,-0.0596296,0.0373489,-0.1245753,-0.1245095,-0.1034651,-0.2331011,-0.2704793,-0.2589873,-0.4904534,-0.2094696,0.0147335,0.0896063,0.0441163,-0.0489344,0.1010215,0.1704462,0.2467028,0.2291155,0.2621628,0.076419,0.0393222,0.1423984,0.1895834,0.432405,0.2546674,0.2340224,0.0130832,0.2378526,0.3869469,0.2899694,0.308856,0.3357717,0.2657566,0.3204387,0.3968402,0.3467168,0.240086
795,"TKM","Turkmenistan",NA,NA,NA,NA,NA,NA,NA,NA,NA,NA,NA,NA,NA,NA,NA,NA,NA,NA,NA,NA,NA,NA,NA,NA,NA,NA,NA,NA,NA,NA,NA,NA,NA,NA,NA,NA,NA,NA,NA,NA,NA,NA,NA,NA,NA,NA,NA,NA,NA,NA,NA,NA,NA,NA,NA,NA,NA
796,"TCA","Turks and Caicos Islands",NA,NA,NA,NA,NA,NA,NA,NA,NA,NA,NA,NA,NA,NA,NA,NA,NA,NA,NA,NA,NA,NA,NA,NA,NA,NA,NA,NA,NA,NA,NA,NA,NA,NA,NA,NA,NA,NA,NA,NA,NA,NA,NA,NA,NA,NA,NA,NA,NA,NA,NA,NA,NA,NA,NA,NA,NA
798,"TUV","Tuvalu",NA,NA,NA,NA,NA,NA,NA,NA,NA,NA,NA,NA,NA,NA,NA,NA,NA,NA,NA,NA,NA,NA,NA,NA,NA,NA,NA,NA,NA,NA,NA,NA,NA,NA,NA,NA,NA,NA,NA,NA,NA,NA,NA,NA,NA,NA,NA,NA,NA,NA,NA,NA,NA,NA,NA,NA,NA
800,"UGA","Uganda",NA,NA,NA,NA,NA,NA,-0.0064508,-0.0030662,-0.0222001,-0.0386366,-0.0138488,-0.022832,-0.0432139,-0.0344109,-0.0406559,-0.0400049,-0.0331844,-0.0550674,-0.0836974,-0.1799895,-0.1762837,-0.0647388,-0.1813827,-0.1176497,-0.0639777,-0.0414294000000001,0.0086569,-0.0652424,-0.0939106,-0.0985418,-0.0905893,-0.1194009,-0.0867757,-0.0222936,-0.0231515,0.0040982,-0.0216938,-0.0056773,-0.0015913,-0.0042433,-0.0007218,0.0003106,0.0082873,0.0087162,0.0066029,0.0035356,0.0037686,0.0039575,0.0033095,0.005655,0.0208271,-0.0653871,-0.1788407,-0.2398324,-0.1017526,-0.20575,-0.2020093
804,"UKR","Ukraine",NA,NA,NA,NA,NA,NA,NA,NA,NA,NA,NA,NA,NA,NA,NA,NA,NA,NA,NA,NA,NA,NA,NA,NA,NA,NA,NA,NA,NA,NA,NA,NA,NA,NA,NA,NA,NA,-0.4551975,0.0100193,-0.0215202,-0.3798685,-0.1333429,0.1348456,0.0944596,-0.1175699,-0.1915137,-0.0283482,-0.1267683,-0.1019502,-0.1268981,0.0630099,0.0626404,-0.0323892,-0.0238905,0.0462268,0.0135711,NA
784,"ARE","United Arab Emirates",NA,NA,NA,NA,NA,NA,NA,NA,NA,NA,NA,NA,NA,NA,NA,NA,NA,NA,NA,NA,NA,NA,NA,NA,NA,NA,NA,NA,NA,NA,NA,NA,NA,NA,NA,NA,NA,NA,NA,NA,NA,NA,NA,NA,NA,NA,NA,NA,NA,NA,NA,NA,NA,NA,NA,NA,NA
826,"GBR","United Kingdom",NA,0.4666921,0.6685498,0.7959641,0.6762511,0.5527534,0.707875,0.7031795,0.5103438,0.5002001,0.4941798,0.4934,0.4324244,0.3888068,0.3275408,0.2689936,0.3229755,0.2696931,0.4132111,0.324975,0.5174165,0.7388149,0.6722541,0.657217,0.8083214,0.6463892,0.7716221,0.8663853,1.081035,0.7946631,0.8574388,1.23001,1.221668,0.874059,0.5490399,0.7163811,0.8787228,0.6843075,0.6457691,0.581425,0.4913896,0.3545582,0.3795923,0.5217454,0.6098699,0.3893508,0.3506475,0.4225051,0.4361809,0.3984721,0.2727007,0.2468622,0.1650602,0.1134716,0.1324991,0.0851621,0.0605423
840,"USA","United States of America",0.0792283,0.1097888,0.1643892,0.161209,0.1242495,0.106413,0.1108922,0.1043527,0.1139635,0.1103287,0.0984711,0.0964167,0.1161735,0.1133313,0.1021121,0.0948118,0.0874709,0.0784536,0.0413499,0.041394,0.0453051,0.0471402,0.0680168,0.0748752,0.0721627,0.0797777,0.0997364,0.1290432,0.1527649,0.1151259,0.1636889,0.1872416,0.1782786,0.1604842,0.1655668,0.1386875,0.143267,0.1429952,0.1484132,0.1236726,0.0760016,0.0864894,0.0941038,0.112816,0.1409458,0.152023,0.1799328,0.1634118,0.1412576,0.1457191,0.1567324,0.0849459,0.0866974,0.0351365,0.0517787,0.0395491,0.0360746
850,"VIR","United States Virgin Islands",NA,NA,NA,NA,NA,NA,NA,NA,NA,NA,NA,NA,NA,NA,NA,NA,NA,NA,NA,NA,NA,NA,NA,NA,NA,NA,NA,NA,NA,NA,NA,NA,NA,NA,NA,NA,NA,NA,NA,NA,NA,NA,NA,NA,NA,NA,NA,NA,NA,NA,NA,NA,NA,NA,NA,NA,NA
858,"URY","Uruguay",NA,NA,NA,NA,NA,NA,NA,NA,NA,NA,NA,NA,NA,NA,NA,NA,NA,NA,NA,NA,NA,NA,NA,NA,NA,NA,NA,NA,NA,NA,NA,NA,NA,NA,NA,NA,NA,NA,NA,NA,NA,NA,NA,NA,NA,NA,NA,NA,NA,NA,NA,NA,NA,NA,NA,NA,NA
860,"UZB","Uzbekistan",NA,NA,NA,NA,NA,NA,NA,NA,NA,NA,NA,NA,NA,NA,NA,NA,NA,NA,NA,NA,NA,NA,NA,NA,NA,NA,NA,NA,NA,NA,NA,NA,NA,NA,NA,NA,NA,NA,NA,NA,NA,NA,NA,NA,NA,NA,NA,NA,NA,NA,NA,NA,NA,NA,NA,NA,NA
548,"VUT","Vanuatu",NA,NA,NA,NA,NA,NA,NA,NA,NA,NA,NA,NA,NA,NA,NA,NA,NA,NA,NA,NA,NA,NA,NA,NA,NA,NA,NA,NA,NA,NA,NA,NA,NA,NA,NA,NA,NA,NA,NA,NA,NA,NA,NA,NA,NA,NA,NA,NA,NA,NA,NA,NA,NA,NA,NA,NA,NA
862,"VEN","Venezuela",NA,NA,NA,NA,NA,NA,NA,NA,NA,NA,NA,NA,NA,NA,NA,NA,NA,NA,NA,NA,NA,NA,NA,NA,NA,NA,NA,NA,NA,NA,NA,NA,NA,NA,NA,NA,NA,NA,NA,NA,NA,NA,NA,NA,NA,NA,NA,NA,NA,NA,NA,NA,NA,NA,NA,NA,NA
704,"VNM","Viet Nam",NA,NA,NA,NA,NA,NA,NA,NA,NA,NA,NA,NA,NA,NA,NA,NA,NA,NA,NA,NA,NA,NA,NA,NA,NA,NA,NA,NA,NA,NA,NA,-0.1301005,-0.2740582,-0.056653,-0.0939209,-0.3560055,-0.2173477,-0.339733,-0.2312093,-0.1236056,-0.0447232,-0.0169988,-0.0460188,-0.0769577,0.2135398,0.152369,0.2442664,0.1118035,0.3228335,0.2280155,0.1057593,NA,NA,NA,NA,NA,NA
876,"WLF","Wallis and Futuna Islands",NA,NA,NA,NA,NA,NA,NA,NA,NA,NA,NA,NA,NA,NA,NA,NA,NA,NA,NA,NA,NA,NA,NA,NA,NA,NA,NA,NA,NA,NA,NA,NA,NA,NA,NA,NA,NA,NA,NA,NA,NA,NA,NA,NA,NA,NA,NA,NA,NA,NA,NA,NA,NA,NA,NA,NA,NA
732,"ESH","Western Sahara",NA,NA,NA,NA,NA,NA,NA,NA,NA,NA,NA,NA,NA,NA,NA,NA,NA,NA,NA,NA,NA,NA,NA,NA,NA,NA,NA,NA,NA,NA,NA,NA,NA,NA,NA,NA,NA,NA,NA,NA,NA,NA,NA,NA,NA,NA,NA,NA,NA,NA,NA,NA,NA,NA,NA,NA,NA
887,"YEM","Yemen",NA,NA,NA,NA,NA,NA,NA,NA,NA,NA,NA,NA,NA,NA,NA,NA,NA,NA,NA,NA,NA,NA,NA,NA,NA,NA,NA,NA,NA,NA,NA,NA,NA,NA,NA,NA,NA,NA,NA,NA,NA,NA,NA,NA,NA,NA,NA,NA,NA,NA,NA,NA,NA,NA,NA,NA,NA
894,"ZMB","Zambia",NA,NA,NA,NA,NA,NA,-0.2110716,-0.2907715,-0.38229,-0.1463331,-0.0652012,-0.1679657,-0.0877915,-0.25771,-0.5420957,0.1696016,-0.2866808,-0.2047003,-0.2478196,-0.2191143,-0.3901249,-0.2495493,-0.5867386,-0.4655312,-0.1725957,-0.1808385,0.1276809,0.1838159,0.0401726,-0.3081558,-0.443385,-0.4694218,-0.7332785,-0.7389395,-0.5594053,-0.6633447,-0.4968435,-0.0166135,-0.1379431,-0.2242798,-0.0576568,-0.3700286,-0.270291,-0.4464499,-0.287062,-0.407929,-0.3059871,-0.2525758,-0.1694088,-0.2876559,0.3145298,NA,NA,NA,NA,NA,NA
716,"ZWE","Zimbabwe",0.1881269,0.1416758,0.2396293,0.1238127,0.1498034,-0.3382229,-0.2444608,-0.1856035,-0.2666385,-0.3244835,-0.3918115,-0.2150977,-0.2597569,-0.1558692,-0.2541602,-0.2403796,-0.2777297,-0.2764075,-0.2264345,-0.2814994,-0.2884697,-0.3709434,-0.2801919,-0.258635,-0.2318586,-0.2732813,-0.2477969,-0.1567296,-0.2683673,-0.2521583,-0.2545058,-0.2390926,-0.1871796,-0.2340532,-0.2912391,-0.2271656,-0.3145158,-0.3068495,-0.2488006,-0.1486976,-0.1423594,-0.1447809,-0.2204081,-0.2260989,-0.304825,-0.2626522,-0.4335631,-0.4526171,-0.4073613,-0.380293,-0.2240191,NA,NA,NA,NA,NA,NA
